Tags,AP LED Flash Status,Device Name,IP Address,Device Family,Reachability,EoX Status,Manageability,Compliance,Health Score,Site,MAC Address,Device Role,Image Version,Uptime,Last Updated,Resync Interval,Serial Number,Device Series,Platform,Support Type,Software Image,OS Update Status,Image Needs Update,Image Precheck Status,Provisioning Status,Credential Status,Last Provisioned,Associated WLC IP,AP CDP Neighbors,AP Group Name,Flex Group Name,AP Ethernet Mac Address,AP Location,Application Telemetry,Advisories,Integrity Verification
Edge-Node,Unsupported,001-m01-a-1.net.uwa.edu.au,10.88.24.58,Switches and Hubs,Reachable,,Managed,COMPLIANT,10,Global/CRAWLEY/001/Mezzanine,74:ad:98:60:e2:00,ACCESS,17.9.3,11 days 22 hrs ,13 hours ago,24:00:00,FOC2529LJP2,Cisco Catalyst 9300 Series Switches,C9300L-24P-4X,Supported,cat9k_iosxe.17.09.03.SPA.bin,Device Uptodate,UPTODATE,Success,Success,Not Applied,4 months ago,,,,,,,Enabled,,PASSED
Edge-Node,Unsupported,101-303-a-1.net.uwa.edu.au,10.88.24.36,Switches and Hubs,Reachable,,Managed,COMPLIANT,10,Global/CRAWLEY/101/Third Floor,5c:5a:c7:f6:08:80,ACCESS,17.9.3,11 days 23 hrs ,13 hours ago,24:00:00,FOC2326L05H,Cisco Catalyst 9300 Series Switches,C9300L-24P-4X,Supported,cat9k_iosxe.17.09.03.SPA.bin,Device Uptodate,UPTODATE,Success,Success,Success,3 months ago,,,,,,,Enabled,,PASSED
Edge-Node,Unsupported,101-g11a-a-1.net.uwa.edu.au,10.88.24.34,Switches and Hubs,Reachable,,Managed,COMPLIANT,8,Global/CRAWLEY/101/Ground Floor,80:24:8f:87:25:00,ACCESS,17.9.3,11 days 23 hrs ,13 hours ago,24:00:00,FOC2542YPWU,Cisco Catalyst 9300 Series Switches,C9300L-48P-4X,Supported,cat9k_iosxe.17.09.03.SPA.bin,Device Uptodate,UPTODATE,Success,Success,Success,3 months ago,,,,,,,Enabled,,PASSED
Edge-Node,Unsupported,102-142-a-1.net.uwa.edu.au,10.88.24.49,Switches and Hubs,Reachable,,Managed,COMPLIANT,10,Global/CRAWLEY/102/First Floor,3c:8b:7f:fa:b5:00,ACCESS,17.9.3,11 days 22 hrs ,13 hours ago,24:00:00,"FOC2629YKD1, FOC2629YNHR, FOC2629YNG0",Cisco Catalyst 9300 Series Switches,"C9300L-48P-4X, C9300L-48P-4X, C9300L-48P-4X",Supported,cat9k_iosxe.17.09.03.SPA.bin,Device Uptodate,UPTODATE,Success,Success,Not Applied,23 days ago,,,,,,,Enabled,,PASSED
Edge-Node,Unsupported,102-b02a-a-1.net.uwa.edu.au,10.88.24.48,Switches and Hubs,Reachable,,Managed,COMPLIANT,10,Global/CRAWLEY/102/Basement 1,88:fc:5d:5f:20:80,ACCESS,17.9.3,11 days 22 hrs ,13 hours ago,24:00:00,FOC2629YRP5,Cisco Catalyst 9300 Series Switches,C9300L-48P-4X,Supported,cat9k_iosxe.17.09.03.SPA.bin,Device Uptodate,UPTODATE,Success,Success,Not Applied,23 days ago,,,,,,,Enabled,,PASSED
Edge-Node,Unsupported,102-b14-a-1.net.uwa.edu.au,10.88.24.47,Switches and Hubs,Reachable,,Managed,NON_COMPLIANT,10,Global/CRAWLEY/102/Basement 1,44:88:16:0e:77:00,ACCESS,17.9.3,11 days 22 hrs ,13 hours ago,24:00:00,"FOC2629YRAJ, FOC2629YNH4, FOC2629YQN3, FOC2629YSJ8",Cisco Catalyst 9300 Series Switches,"C9300L-48P-4X, C9300L-48P-4X, C9300L-48P-4X, C9300L-48P-4X",Supported,cat9k_iosxe.17.09.03.SPA.bin,Device Uptodate,UPTODATE,Success,Success,Not Applied,23 days ago,,,,,,,Enabled,,PASSED
Aggregation Switch,Unsupported,102-b14-g-1.net.uwa.edu.au,10.88.24.45,Switches and Hubs,Reachable,,Managed,COMPLIANT,10,Global/CRAWLEY/102/Basement 1,c0:f8:7f:70:9d:40,DISTRIBUTION,17.9.3,11 days 22 hrs ,13 hours ago,24:00:00,FDO26161SJF,Cisco Catalyst 9500 Series Switches,C9500-24Y4C,Supported,cat9k_iosxe.17.09.03.SPA.bin,Device Uptodate,UPTODATE,Success,Success,Not Applied,23 days ago,,,,,,,Not Provisioned,,PASSED
Edge-Node,Unsupported,103-g47-a-1.net.uwa.edu.au,10.88.24.12,Switches and Hubs,Reachable,,Managed,COMPLIANT,10,Global/CRAWLEY/103/Ground,ac:bc:d9:03:27:80,ACCESS,17.9.3,12 days 2 hrs ,3 hours ago,24:00:00,FOC2604YHNN,Cisco Catalyst 9300 Series Switches,C9300L-24P-4X,Supported,cat9k_iosxe.17.09.03.SPA.bin,Device Uptodate,UPTODATE,Success,Success,Success,3 months ago,,,,,,,Enabled,,PASSED
Edge-Node,Unsupported,103-g62-a-1.net.uwa.edu.au,10.88.24.10,Switches and Hubs,Reachable,,Managed,COMPLIANT,8,Global/CRAWLEY/103/Ground,80:24:8f:82:b9:80,ACCESS,17.9.3,12 days 2 hrs ,39 minutes ago,24:00:00,"FOC2542YFSU, FOC2604YKAW, FOC2604YKB9, FOC2542YKXG",Cisco Catalyst 9300 Series Switches,"C9300L-48P-4X, C9300L-48P-4X, C9300L-48P-4X, C9300L-48P-4X",Supported,cat9k_iosxe.17.09.03.SPA.bin,Device Uptodate,UPTODATE,Success,Success,Success,3 months ago,,,,,,,Enabled,,PASSED
Edge-Node,Unsupported,106-158a-a-1.net.uwa.edu.au,10.88.24.78,Switches and Hubs,Reachable,1,Managed,COMPLIANT,8,Global/CRAWLEY/106/First Floor,88:fc:5d:83:11:00,ACCESS,17.9.3,11 days 1 hr ,27 minutes ago,24:00:00,"FOC2629YRZT, FOC2629YRZY, FOC2629YND1, FOC2629YNHV",Cisco Catalyst 9300 Series Switches,"C9300L-48P-4X, C9300L-48P-4X, C9300L-48P-4X, C9300L-48P-4X",Supported,cat9k_iosxe.17.09.03.SPA.bin,Device Uptodate,UPTODATE,Success,Success,Not Applied,a month ago,,,,,,,Enabled,,PASSED
Edge-Node,Unsupported,106-158a-a-2.net.uwa.edu.au,10.88.24.93,Switches and Hubs,Reachable,,Managed,COMPLIANT,10,Global/CRAWLEY/106/First Floor,44:88:16:0e:db:80,ACCESS,17.9.3,11 days 1 hr ,an hour ago,24:00:00,FOC2629YS00,Cisco Catalyst 9300 Series Switches,C9300L-48P-4X,Supported,cat9k_iosxe.17.09.03.SPA.bin,Device Uptodate,UPTODATE,Success,Success,Not Applied,a month ago,,,,,,,Enabled,,PASSED
Edge-Node,Unsupported,106-301-a-1.net.uwa.edu.au,10.88.24.76,Switches and Hubs,Reachable,,Managed,COMPLIANT,8,Global/CRAWLEY/106/Third Floor,44:88:16:0e:7e:00,ACCESS,17.9.3,11 days 21 hrs ,24 minutes ago,24:00:00,"FOC2629YP2Y, FOC2630Y5V0, FOC2629YNH9, FOC2617ZAFN",Cisco Catalyst 9300 Series Switches,"C9300L-48P-4X, C9300L-48P-4X, C9300L-48P-4X, C9300L-24P-4X",Supported,cat9k_iosxe.17.09.03.SPA.bin,Device Uptodate,UPTODATE,Success,Success,Not Applied,12 days ago,,,,,,,Enabled,,PASSED
Edge-Node,Unsupported,106-301-a-2.net.uwa.edu.au,10.88.24.77,Switches and Hubs,Reachable,,Managed,NON_COMPLIANT,8,Global/CRAWLEY/106/Third Floor,ac:bc:d9:04:25:80,ACCESS,17.9.3,11 days 21 hrs ,2 minutes ago,24:00:00,"FOC2604YJX6, FOC2629YLT6, FOC2542YLF4, FOC2617Z9NM, FOC2629YRCU",Cisco Catalyst 9300 Series Switches,"C9300L-48P-4X, C9300L-48P-4X, C9300L-48P-4X, C9300L-24P-4X, C9300L-48P-4X",Supported,cat9k_iosxe.17.09.03.SPA.bin,Device Uptodate,UPTODATE,Success,Success,Not Applied,3 months ago,,,,,,,Enabled,,PASSED
Aggregation Switch,Unsupported,106-301-g-1.net.uwa.edu.au,10.88.24.74,Switches and Hubs,Reachable,,Managed,COMPLIANT,10,Global/CRAWLEY/106/Third Floor,c0:f8:7f:70:69:60,DISTRIBUTION,17.9.3,11 days 21 hrs ,13 hours ago,24:00:00,FDO26161SL0,Cisco Catalyst 9500 Series Switches,C9500-24Y4C,Supported,cat9k_iosxe.17.09.03.SPA.bin,Device Uptodate,UPTODATE,Success,Success,Not Applied,a month ago,,,,,,,Not Provisioned,,PASSED
Edge-Node,Unsupported,108-g03-a-1.net.uwa.edu.au,10.88.24.56,Switches and Hubs,Reachable,1,Managed (Syncing...),COMPLIANT,10,Global/CRAWLEY/108/Ground Floor,44:88:16:0c:a6:00,ACCESS,17.9.3,12 days 3 hrs ,4 minutes ago,24:00:00,"FOC2629YRFU, FOC2542YFMV, FOC2542Y3SE, FOC2542YKRP",Cisco Catalyst 9300 Series Switches,"C9300L-48P-4X, C9300L-48P-4X, C9300L-48P-4X, C9300L-48P-4X",Supported,cat9k_iosxe.17.09.03.SPA.bin,Device Uptodate,UPTODATE,Success,Success,Not Applied,3 months ago,,,,,,,Enabled,,PASSED
Edge-Node,Unsupported,131-g16c-a-1.net.uwa.edu.au,10.88.24.33,Switches and Hubs,Reachable,,Managed,COMPLIANT,8,Global/CRAWLEY/131/Ground Floor,80:24:8f:86:b5:00,ACCESS,17.9.3,11 days 22 hrs ,13 hours ago,24:00:00,"FOC2542YKYB, FOC2542YPBR",Cisco Catalyst 9300 Series Switches,"C9300L-48P-4X, C9300L-48P-4X",Supported,cat9k_iosxe.17.09.03.SPA.bin,Device Uptodate,UPTODATE,Success,Success,Success,3 months ago,,,,,,,Enabled,,PASSED
Edge-Node,Unsupported,143-g37-a-1.net.uwa.edu.au,10.88.24.8,Switches and Hubs,Reachable,,Managed,COMPLIANT,8,Global/CRAWLEY/143/Ground Floor,80:24:8f:86:b6:00,ACCESS,17.9.3,12 days 3 hrs ,2 hours ago,24:00:00,"FOC2542YKX3, FOC2529LJRR",Cisco Catalyst 9300 Series Switches,"C9300L-48P-4X, C9300L-24P-4X",Supported,cat9k_iosxe.17.09.03.SPA.bin,Device Uptodate,UPTODATE,Success,Success,Success,3 months ago,,,,,,,Enabled,,PASSED
Edge-Node,Unsupported,144-201-a-1.net.uwa.edu.au,10.88.24.91,Switches and Hubs,Reachable,,Managed,COMPLIANT,10,Global/CRAWLEY/144/Second Floor,3c:26:e4:05:c6:00,ACCESS,17.9.3,11 days 21 hrs ,13 hours ago,24:00:00,FOC2629YQK4,Cisco Catalyst 9300 Series Switches,C9300L-48P-4X,Supported,cat9k_iosxe.17.09.03.SPA.bin,Device Uptodate,UPTODATE,Success,Success,Not Applied,a month ago,,,,,,,Enabled,,PASSED
Edge-Node,Unsupported,190-b30-a-1.net.uwa.edu.au,10.88.24.60,Switches and Hubs,Reachable,,Managed,COMPLIANT,10,Global/CRAWLEY/190/Basement,3c:26:e4:55:06:80,ACCESS,17.9.3,11 days 21 hrs ,a few seconds ago,24:00:00,"FOC2630YY7X, FOC2630YYED, FOC2630YY81, FOC2629YP3A, FOC2631Y094, FOC2631Y08H, FOC2629YNFD, FOC2629YRLE",Cisco Catalyst 9300 Series Switches,"C9300L-48P-4X, C9300L-48P-4X, C9300L-48P-4X, C9300L-48P-4X, C9300L-48P-4X, C9300L-48P-4X, C9300L-48P-4X, C9300L-48P-4X",Supported,cat9k_iosxe.17.09.03.SPA.bin,Device Uptodate,UPTODATE,Success,Success,Not Applied,3 months ago,,,,,,,Enabled,,PASSED
Edge-Node,Unsupported,210-g88-a-1.net.uwa.edu.au,10.88.40.24,Switches and Hubs,Reachable,,Managed,COMPLIANT,8,Global/CRAWLEY/210/Ground Floor,80:24:8f:a9:87:80,ACCESS,17.9.3,12 days 2 hrs ,a few seconds ago,24:00:00,FOC2542YPFR,Cisco Catalyst 9300 Series Switches,C9300L-48P-4X,Supported,cat9k_iosxe.17.09.03.SPA.bin,Device Uptodate,UPTODATE,Success,Success,Success,3 months ago,,,,,,,Enabled,,PASSED
Edge-Node,Unsupported,211-1100-a-1.net.uwa.edu.au,10.88.40.52,Switches and Hubs,Reachable,,Managed,COMPLIANT,8,Global/CRAWLEY/211/First Floor,88:fc:5d:5f:37:00,ACCESS,17.9.3,11 days 23 hrs ,2 minutes ago,24:00:00,"FOC2629YQNH, FOC2629YR7H",Cisco Catalyst 9300 Series Switches,"C9300L-48P-4X, C9300L-48P-4X",Supported,cat9k_iosxe.17.09.03.SPA.bin,Device Uptodate,UPTODATE,Success,Success,Not Applied,2 months ago,,,,,,,Enabled,,PASSED
Aggregation Switch,Unsupported,211-1100-g-1.net.uwa.edu.au,10.88.40.48,Switches and Hubs,Reachable,,Managed,COMPLIANT,10,Global/CRAWLEY/211/First Floor,c0:f8:7f:70:83:a0,DISTRIBUTION,17.9.3,11 days 23 hrs ,13 hours ago,24:00:00,FDO26161SN7,Cisco Catalyst 9500 Series Switches,C9500-24Y4C,Supported,cat9k_iosxe.17.09.03.SPA.bin,Device Uptodate,UPTODATE,Success,Success,Not Applied,2 months ago,,,,,,,Not Provisioned,,PASSED
Edge-Node,Unsupported,211-1113-a-1.net.uwa.edu.au,10.88.40.53,Switches and Hubs,Reachable,,Managed,COMPLIANT,10,Global/CRAWLEY/211/First Floor,3c:26:e4:06:0f:80,ACCESS,17.9.3,11 days 23 hrs ,a few seconds ago,24:00:00,"FOC2629YQK1, FOC2629YQNP",Cisco Catalyst 9300 Series Switches,"C9300L-48P-4X, C9300L-48P-4X",Supported,cat9k_iosxe.17.09.03.SPA.bin,Device Uptodate,UPTODATE,Success,Success,Not Applied,2 months ago,,,,,,,Enabled,,PASSED
Edge-Node,Unsupported,211-2100-a-1.net.uwa.edu.au,10.88.40.54,Switches and Hubs,Reachable,,Managed,COMPLIANT,10,Global/CRAWLEY/211/Second Floor,44:88:16:0e:bb:80,ACCESS,17.9.3,11 days 23 hrs ,2 hours ago,24:00:00,"FOC2629YRL2, FOC2629YQJC",Cisco Catalyst 9300 Series Switches,"C9300L-48P-4X, C9300L-48P-4X",Supported,cat9k_iosxe.17.09.03.SPA.bin,Device Uptodate,UPTODATE,Success,Success,Not Applied,2 months ago,,,,,,,Enabled,,PASSED
Edge-Node,Unsupported,211-2113-a-1.net.uwa.edu.au,10.88.40.55,Switches and Hubs,Reachable,,Managed,COMPLIANT,10,Global/CRAWLEY/211/Second Floor,5c:31:92:8b:22:80,ACCESS,17.9.3,11 days 23 hrs ,8 minutes ago,24:00:00,"FOC2629Y5JP, FOC2629YMS9",Cisco Catalyst 9300 Series Switches,"C9300L-48P-4X, C9300L-48P-4X",Supported,cat9k_iosxe.17.09.03.SPA.bin,Device Uptodate,UPTODATE,Success,Success,Not Applied,2 months ago,,,,,,,Enabled,,PASSED
Edge-Node,Unsupported,211-3100-a-1.net.uwa.edu.au,10.88.40.56,Switches and Hubs,Reachable,,Managed,COMPLIANT,10,Global/CRAWLEY/211/Third Floor,3c:8b:7f:fb:6d:00,ACCESS,17.9.3,11 days 22 hrs ,an hour ago,24:00:00,"FOC2629YNG2, FOC2629YKCH, FOC2629YMZH",Cisco Catalyst 9300 Series Switches,"C9300L-48P-4X, C9300L-48P-4X, C9300L-48P-4X",Supported,cat9k_iosxe.17.09.03.SPA.bin,Device Uptodate,UPTODATE,Success,Success,Not Applied,2 months ago,,,,,,,Enabled,,PASSED
Edge-Node,Unsupported,211-3112-a-1.net.uwa.edu.au,10.88.40.57,Switches and Hubs,Reachable,,Managed,COMPLIANT,8,Global/CRAWLEY/211/Third Floor,f8:e9:4f:9a:f6:80,ACCESS,17.9.3,11 days 23 hrs ,4 minutes ago,24:00:00,"FOC2629Y5FW, FOC2629YRP7",Cisco Catalyst 9300 Series Switches,"C9300L-48P-4X, C9300L-48P-4X",Supported,cat9k_iosxe.17.09.03.SPA.bin,Device Uptodate,UPTODATE,Success,Success,Not Applied,2 months ago,,,,,,,Enabled,,PASSED
Edge-Node,Unsupported,211-4100-a-1.net.uwa.edu.au,10.88.40.58,Switches and Hubs,Reachable,,Managed (Syncing...),COMPLIANT,8,Global/CRAWLEY/211/Fourth Floor,3c:26:e4:05:60:00,ACCESS,17.9.3,11 days 22 hrs ,4 minutes ago,24:00:00,"FOC2629YKCU, FOC2629YNFY, FOC2629YL7K, FOC2629YQJ2",Cisco Catalyst 9300 Series Switches,"C9300L-48P-4X, C9300L-48P-4X, C9300L-48P-4X, C9300L-48P-4X",Supported,cat9k_iosxe.17.09.03.SPA.bin,Device Uptodate,UPTODATE,Success,Success,Not Applied,2 months ago,,,,,,,Enabled,,PASSED
Edge-Node,Unsupported,211-4113-a-1.net.uwa.edu.au,10.88.40.59,Switches and Hubs,Reachable,,Managed,COMPLIANT,10,Global/CRAWLEY/211/Fourth Floor,3c:8b:7f:ce:23:80,ACCESS,17.9.3,11 days 23 hrs ,an hour ago,24:00:00,"FOC2629YS05, FOC2629YS2B",Cisco Catalyst 9300 Series Switches,"C9300L-48P-4X, C9300L-48P-4X",Supported,cat9k_iosxe.17.09.03.SPA.bin,Device Uptodate,UPTODATE,Success,Success,Not Applied,2 months ago,,,,,,,Enabled,,PASSED
Edge-Node,Unsupported,211-g100-a-1.net.uwa.edu.au,10.88.40.50,Switches and Hubs,Reachable,,Managed,COMPLIANT,10,Global/CRAWLEY/211/Ground Floor,44:88:16:0e:cd:80,ACCESS,17.9.3,11 days 23 hrs ,12 minutes ago,24:00:00,"FOC2629YQNB, FOC2617ZC35",Cisco Catalyst 9300 Series Switches,"C9300L-48P-4X, C9300L-24P-4X",Supported,cat9k_iosxe.17.09.03.SPA.bin,Device Uptodate,UPTODATE,Success,Success,Not Applied,2 months ago,,,,,,,Enabled,,PASSED
Edge-Node,Unsupported,211-g113-a-1.net.uwa.edu.au,10.88.40.51,Switches and Hubs,Reachable,,Managed,COMPLIANT,10,Global/CRAWLEY/211/Ground Floor,44:88:16:0c:9f:00,ACCESS,17.9.3,11 days 22 hrs ,4 hours ago,24:00:00,"FOC2629YR9A, FOC2629YSCG, FOC2629YSDX",Cisco Catalyst 9300 Series Switches,"C9300L-48P-4X, C9300L-48P-4X, C9300L-48P-4X",Supported,cat9k_iosxe.17.09.03.SPA.bin,Device Uptodate,UPTODATE,Success,Success,Not Applied,2 months ago,,,,,,,Enabled,,PASSED
Edge-Node,Unsupported,222-187-a-1.net.uwa.edu.au,10.88.24.17,Switches and Hubs,Reachable,,Managed,NON_COMPLIANT,8,Global/CRAWLEY/222/First Floor,70:18:a7:22:d9:00,ACCESS,17.9.3,12 days 1 hr ,an hour ago,24:00:00,"FCW2245L0AC, FCW2245L0AB, FCW2245D0E5, FCW2245C0E7, FCW2245G09Q, FCW2245G09Z, FCW2245G0AC, FCW2245L0AD",Cisco Catalyst 9300 Series Switches,"C9300-48UN, C9300-48UN, C9300-48UN, C9300-48UN, C9300-48UN, C9300-48UN, C9300-48UN, C9300-48UN",Supported,cat9k_iosxe.17.09.03.SPA.bin,Device Uptodate,UPTODATE,Success,Failed,Success,3 months ago,,,,,,,Enabled,,PASSED
Edge-Node,Unsupported,222-187-a-2.net.uwa.edu.au,10.88.24.18,Switches and Hubs,Reachable,,Managed,COMPLIANT,10,Global/CRAWLEY/222/First Floor,70:18:a7:22:dd:80,ACCESS,17.9.3,12 days 1 hr ,17 minutes ago,24:00:00,"FCW2245G09P, FOC2245U0EC, FCW2245D0E8, FCW2245G09K, FCW2245C0E4, FCW2245G09U",Cisco Catalyst 9300 Series Switches,"C9300-48UN, C9300-48UN, C9300-48UN, C9300-48UN, C9300-48UN, C9300-48UN",Supported,cat9k_iosxe.17.09.03.SPA.bin,Device Uptodate,UPTODATE,Success,Failed,Success,3 months ago,,,,,,,Enabled,,PASSED
Aggregation Switch,Unsupported,222-187-g-1.net.uwa.edu.au,10.88.24.15,Switches and Hubs,Reachable,,Managed,COMPLIANT,10,Global/CRAWLEY/222/First Floor,c0:f8:7f:70:66:e0,DISTRIBUTION,17.9.3,12 days 2 hrs ,13 hours ago,24:00:00,FDO26161SVH,Cisco Catalyst 9500 Series Switches,C9500-24Y4C,Supported,cat9k_iosxe.17.09.03.SPA.bin,Device Uptodate,UPTODATE,Success,Success,Success,3 months ago,,,,,,,Not Provisioned,,PASSED
Edge-Node,Unsupported,223-197-a-1.net.uwa.edu.au,10.88.24.30,Switches and Hubs,Reachable,,Managed,COMPLIANT,8,Global/CRAWLEY/223/First Floor,40:06:d5:7e:6e:80,ACCESS,17.9.3,11 days 23 hrs ,2 hours ago,24:00:00,"FOC2604YKC4, FOC2603YQN4",Cisco Catalyst 9300 Series Switches,"C9300L-48P-4X, C9300L-48P-4X",Supported,cat9k_iosxe.17.09.03.SPA.bin,Device Uptodate,UPTODATE,Success,Success,Success,4 months ago,,,,,,,Enabled,,PASSED
Edge-Node,Unsupported,223-224a-a-1.net.uwa.edu.au,10.88.24.40,Switches and Hubs,Reachable,,Managed (Syncing...),COMPLIANT,8,Global/CRAWLEY/223/Second Floor,ac:bc:d9:0f:2c:00,ACCESS,17.9.3,11 days 23 hrs ,5 minutes ago,24:00:00,"FOC2604YK5S, FOC2604YJXK, FOC2604YJW6",Cisco Catalyst 9300 Series Switches,"C9300L-48P-4X, C9300L-48P-4X, C9300L-48P-4X",Supported,cat9k_iosxe.17.09.03.SPA.bin,Device Uptodate,UPTODATE,Success,Success,Success,4 months ago,,,,,,,Enabled,,PASSED
Edge-Node,Unsupported,223-224a-a-2.net.uwa.edu.au,10.88.24.41,Switches and Hubs,Reachable,,Managed (Syncing...),NON_COMPLIANT,8,Global/CRAWLEY/223/Second Floor,ac:bc:d9:03:51:80,ACCESS,17.9.3,11 days 23 hrs ,a few seconds ago,24:00:00,"FOC2604YK52, FOC2604YK69, FOC2604YK3W, FOC2604YKAY, FOC2604YJFM, FOC2604YHVF",Cisco Catalyst 9300 Series Switches,"C9300L-48P-4X, C9300L-48P-4X, C9300L-48P-4X, C9300L-48P-4X, C9300L-48P-4X, C9300L-24P-4X",Supported,cat9k_iosxe.17.09.03.SPA.bin,Device Uptodate,UPTODATE,Success,Success,Success,12 days ago,,,,,,,Enabled,,PASSED
Aggregation Switch,Unsupported,223-224a-g-1.net.uwa.edu.au,10.88.24.38,Switches and Hubs,Reachable,,Managed,COMPLIANT,10,Global/CRAWLEY/223/Second Floor,c0:f8:7f:70:5f:60,DISTRIBUTION,17.9.3,11 days 23 hrs ,13 hours ago,24:00:00,FDO26161SUE,Cisco Catalyst 9500 Series Switches,C9500-24Y4C,Supported,cat9k_iosxe.17.09.03.SPA.bin,Device Uptodate,UPTODATE,Success,Success,Success,6 months ago,,,,,,,Not Provisioned,,PASSED
Edge-Node,Unsupported,223-g33a-a-1.net.uwa.edu.au,10.88.24.43,Switches and Hubs,Reachable,,Managed,COMPLIANT,10,Global/CRAWLEY/223/Ground Floor,40:06:d5:bd:b3:80,ACCESS,17.9.3,11 days 23 hrs ,4 hours ago,24:00:00,FOC2604YK82,Cisco Catalyst 9300 Series Switches,C9300L-48P-4X,Supported,cat9k_iosxe.17.09.03.SPA.bin,Device Uptodate,UPTODATE,Success,Success,Success,4 months ago,,,,,,,Enabled,,PASSED
Edge-Node,Unsupported,223-g48-a-1.net.uwa.edu.au,10.88.24.42,Switches and Hubs,Reachable,,Managed,COMPLIANT,8,Global/CRAWLEY/223/Ground Floor,40:06:d5:bd:57:80,ACCESS,17.9.3,11 days 22 hrs ,4 hours ago,24:00:00,FOC2604YHXK,Cisco Catalyst 9300 Series Switches,C9300L-24P-4X,Supported,cat9k_iosxe.17.09.03.SPA.bin,Device Uptodate,UPTODATE,Success,Success,Success,12 days ago,,,,,,,Enabled,,PASSED
Edge-Node,Unsupported,226-163-a-1.net.uwa.edu.au,10.88.24.26,Switches and Hubs,Reachable,,Managed,COMPLIANT,10,Global/CRAWLEY/226/First Floor,ac:bc:d9:0f:2f:00,ACCESS,17.9.3,11 days 23 hrs ,8 minutes ago,24:00:00,"FOC2604YK5L, FOC2604YJD5, FOC2529LJR8",Cisco Catalyst 9300 Series Switches,"C9300L-48P-4X, C9300L-48P-4X, C9300L-24P-4X",Supported,cat9k_iosxe.17.09.03.SPA.bin,Device Uptodate,UPTODATE,Success,Success,Success,3 months ago,,,,,,,Enabled,,PASSED
Aggregation Switch,Unsupported,226-163-g-1.net.uwa.edu.au,10.88.24.24,Switches and Hubs,Reachable,,Managed,COMPLIANT,10,Global/CRAWLEY/226/First Floor,c0:f8:7f:70:29:00,DISTRIBUTION,17.9.3,12 days 3 mins ,13 hours ago,24:00:00,FDO26160PAS,Cisco Catalyst 9500 Series Switches,C9500-24Y4C,Supported,cat9k_iosxe.17.09.03.SPA.bin,Device Uptodate,UPTODATE,Success,Success,Success,3 months ago,,,,,,,Not Provisioned,,PASSED
Edge-Node,Unsupported,226-275-a-1.net.uwa.edu.au,10.88.24.27,Switches and Hubs,Reachable,,Managed,NON_COMPLIANT,8,Global/CRAWLEY/226/Second Floor,40:06:d5:bd:a8:00,ACCESS,17.9.3,11 days 23 hrs ,38 minutes ago,24:00:00,"FOC2604YJF3, FOC2604YGU9, FOC2604YE71, FOC2604YJXJ, FOC2604YHSV, FOC2617ZBMZ",Cisco Catalyst 9300 Series Switches,"C9300L-48P-4X, C9300L-48P-4X, C9300L-48P-4X, C9300L-48P-4X, C9300L-24P-4X, C9300L-24P-4X",Supported,cat9k_iosxe.17.09.03.SPA.bin,Device Uptodate,UPTODATE,Success,Failed,Success,a month ago,,,,,,,Enabled,,PASSED
Edge-Node,Unsupported,227-g61-a-1.net.uwa.edu.au,10.88.40.60,Switches and Hubs,Reachable,-10,Managed,NON_COMPLIANT,10,Global/CRAWLEY/227/Ground Floor,3c:26:e4:05:89:80,ACCESS,17.9.3,14 days 20 hrs ,20 hours ago,24:00:00,"FOC2629YL7H, FOC2629YRVE, FOC2629YNHK, FOC2629YS4T, FOC2629YNGD",Cisco Catalyst 9300 Series Switches,"C9300L-48P-4X, C9300L-48P-4X, C9300L-48P-4X, C9300L-48P-4X, C9300L-48P-4X",Supported,cat9k_iosxe.17.09.03.SPA.bin,Device Uptodate,UPTODATE,Success,Success,Not Applied,15 days ago,,,,,,,Enabled,N/A (Security vulnerabilities for the device could not be determined during the last scan. Please scan again to update security vulnerabilities information.),PASSED
Edge-Node,Unsupported,235-g06f-a-1.net.uwa.edu.au,10.88.40.40,Switches and Hubs,Reachable,,Managed (Syncing...),COMPLIANT,8,Global/CRAWLEY/235/Ground Floor,88:fc:5d:5f:43:00,ACCESS,17.9.3,9 days 5 hrs ,2 minutes ago,24:00:00,"FOC2629YS5T, FOC2629YQJU, FOC2629YKDV, FOC2629YP32",Cisco Catalyst 9300 Series Switches,"C9300L-48P-4X, C9300L-48P-4X, C9300L-48P-4X, C9300L-48P-4X",Supported,cat9k_iosxe.17.09.03.SPA.bin,Device Uptodate,UPTODATE,Success,Success,Not Applied,3 months ago,,,,,,,Enabled,,PASSED
Aggregation Switch,Unsupported,238-134-g-1.net.uwa.edu.au,10.88.40.37,Switches and Hubs,Reachable,,Managed,COMPLIANT,10,Global/CRAWLEY/238/First Floor,84:eb:ef:58:54:c0,DISTRIBUTION,17.9.3,11 days 23 hrs ,13 hours ago,24:00:00,FDO25340DA9,Cisco Catalyst 9500 Series Switches,C9500-24Y4C,Supported,cat9k_iosxe.17.09.03.SPA.bin,Device Uptodate,UPTODATE,Success,Success,Success,3 months ago,,,,,,,Not Provisioned,,PASSED
Edge-Node,Unsupported,238-g02-a-1.net.uwa.edu.au,10.88.40.39,Switches and Hubs,Reachable,,Managed,COMPLIANT,10,Global/CRAWLEY/238/Ground,74:ad:98:55:b7:00,ACCESS,17.9.3,11 days 23 hrs ,an hour ago,24:00:00,FOC2529LGSG,Cisco Catalyst 9300 Series Switches,C9300L-24P-4X,Supported,cat9k_iosxe.17.09.03.SPA.bin,Device Uptodate,UPTODATE,Success,Success,Success,3 months ago,,,,,,,Enabled,,PASSED
Edge-Node,Unsupported,241-104-a-1.net.uwa.edu.au,10.88.24.13,Switches and Hubs,Reachable,,Managed,COMPLIANT,8,Global/CRAWLEY/241/First Floor,80:24:8f:9e:cf:80,ACCESS,17.9.3,12 days 2 hrs ,13 hours ago,24:00:00,"FOC2542YPBZ, FOC2542YKW5, FOC2604YJWQ, FOC2542YLEE, FOC2604YK4A, FOC2604YK5G, FOC2604YJVZ",Cisco Catalyst 9300 Series Switches,"C9300L-48P-4X, C9300L-48P-4X, C9300L-48P-4X, C9300L-48P-4X, C9300L-48P-4X, C9300L-48P-4X, C9300L-48P-4X",Supported,cat9k_iosxe.17.09.03.SPA.bin,Device Uptodate,UPTODATE,Success,Success,Success,3 months ago,,,,,,,Enabled,,PASSED
Edge-Node,Unsupported,242-g01-a-1.net.uwa.edu.au,10.88.24.50,Switches and Hubs,Reachable,,Managed,COMPLIANT,8,Global/CRAWLEY/242/Ground Floor,40:06:d5:bd:da:00,ACCESS,17.9.3,11 days 22 hrs ,a few seconds ago,24:00:00,"FOC2604YK5Q, FOC2604YK68, FOC2604YKCS, FOC2604YK4J",Cisco Catalyst 9300 Series Switches,"C9300L-48P-4X, C9300L-48P-4X, C9300L-48P-4X, C9300L-48P-4X",Supported,cat9k_iosxe.17.09.03.SPA.bin,Device Uptodate,UPTODATE,Success,Success,Success,4 months ago,,,,,,,Enabled,,PASSED
Edge-Node,Unsupported,245-233-a-1.net.uwa.edu.au,10.88.24.69,Switches and Hubs,Reachable,,Managed,COMPLIANT,8,Global/CRAWLEY/245/Second Floor,88:fc:5d:5f:56:00,ACCESS,17.9.3,11 days 23 hrs ,3 hours ago,24:00:00,"FOC2629YQM7, FOC2629YREU, FOC2629YS1C, FOC2629YQNE, FOC2629YQL4",Cisco Catalyst 9300 Series Switches,"C9300L-48P-4X, C9300L-48P-4X, C9300L-48P-4X, C9300L-48P-4X, C9300L-48P-4X",Supported,cat9k_iosxe.17.09.03.SPA.bin,Device Uptodate,UPTODATE,Success,Success,Not Applied,a month ago,,,,,,,Enabled,,PASSED
Aggregation Switch,Unsupported,245-233-g-1.net.uwa.edu.au,10.88.24.62,Switches and Hubs,Reachable,,Managed,COMPLIANT,10,Global/CRAWLEY/245/Second Floor,c0:f8:7f:70:66:40,DISTRIBUTION,17.9.3,8 days 37 mins ,13 hours ago,24:00:00,FDO26161SVJ,Cisco Catalyst 9500 Series Switches,C9500-24Y4C,Supported,cat9k_iosxe.17.09.03.SPA.bin,Device Uptodate,UPTODATE,Success,Success,Not Applied,a month ago,,,,,,,Not Provisioned,,PASSED
Edge-Node,Unsupported,245-313-a-1.net.uwa.edu.au,10.88.24.70,Switches and Hubs,Reachable,,Managed (Syncing...),COMPLIANT,10,Global/CRAWLEY/245/Third Floor,44:88:16:0e:94:00,ACCESS,17.9.3,7 days 23 hrs ,a few seconds ago,24:00:00,"FOC2629YQJP, FOC2629YQP4",Cisco Catalyst 9300 Series Switches,"C9300L-48P-4X, C9300L-48P-4X",Supported,cat9k_iosxe.17.09.03.SPA.bin,Device Uptodate,UPTODATE,Success,Success,Not Applied,a month ago,,,,,,,Enabled,,PASSED
Edge-Node,Unsupported,245-496-a-1.net.uwa.edu.au,10.88.24.72,Switches and Hubs,Reachable,,Managed (Syncing...),COMPLIANT,10,Global/CRAWLEY/245/Fourth Floor,44:88:16:0e:85:00,ACCESS,17.9.3,7 days 22 hrs ,22 minutes ago,24:00:00,"FOC2629YS33, FOC2629YQ6X, FOC2629YKEX",Cisco Catalyst 9300 Series Switches,"C9300L-48P-4X, C9300L-48P-4X, C9300L-48P-4X",Supported,cat9k_iosxe.17.09.03.SPA.bin,Device Uptodate,UPTODATE,Success,Success,Not Applied,a month ago,,,,,,,Enabled,,PASSED
Edge-Node,Unsupported,245-1136-a-1.net.uwa.edu.au,10.88.24.67,Switches and Hubs,Reachable,,Managed (Syncing...),COMPLIANT,10,Global/CRAWLEY/245/First Floor,44:88:16:0e:81:80,ACCESS,17.9.3,7 days 19 hrs ,33 minutes ago,24:00:00,"FOC2629YP67, FOC2629YQNJ, FOC2629YRVS",Cisco Catalyst 9300 Series Switches,"C9300L-48P-4X, C9300L-48P-4X, C9300L-48P-4X",Supported,cat9k_iosxe.17.09.03.SPA.bin,Device Uptodate,UPTODATE,Success,Success,Not Applied,a month ago,,,,,,,Enabled,,PASSED
Edge-Node,Unsupported,245-1139-a-1.net.uwa.edu.au,10.88.24.68,Switches and Hubs,Reachable,,Managed,COMPLIANT,10,Global/CRAWLEY/245/First Floor,3c:26:e4:05:99:80,ACCESS,17.9.3,8 days 2 hrs ,4 minutes ago,24:00:00,"FOC2629YQM3, FOC2629YJTB",Cisco Catalyst 9300 Series Switches,"C9300L-48P-4X, C9300L-48P-4X",Supported,cat9k_iosxe.17.09.03.SPA.bin,Device Uptodate,UPTODATE,Success,Success,Not Applied,a month ago,,,,,,,Enabled,,PASSED
Edge-Node,Unsupported,245-b47-a-1.net.uwa.edu.au,10.88.24.29,Switches and Hubs,Reachable,,Managed,COMPLIANT,8,Global/CRAWLEY/245/Basement,3c:8b:7f:f9:3f:00,ACCESS,17.9.3,11 days 23 hrs ,2 hours ago,24:00:00,"FOC2629YQUP, FOC2542YLF3, FOC2629YNFH",Cisco Catalyst 9300 Series Switches,"C9300L-48P-4X, C9300L-48P-4X, C9300L-48P-4X",Supported,cat9k_iosxe.17.09.03.SPA.bin,Device Uptodate,UPTODATE,Success,Failed,Not Applied,4 days ago,,,,,,,Enabled,,PASSED
Edge-Node,Unsupported,245-b90-a-1.net.uwa.edu.au,10.88.24.64,Switches and Hubs,Reachable,,Managed,COMPLIANT,8,Global/CRAWLEY/245/Basement,80:24:8f:60:a3:80,ACCESS,17.9.3,7 days 20 hrs ,8 minutes ago,24:00:00,"FOC2542YB22, FOC2604YK80, FOC2629YSJ9",Cisco Catalyst 9300 Series Switches,"C9300L-48P-4X, C9300L-48P-4X, C9300L-48P-4X",Supported,cat9k_iosxe.17.09.03.SPA.bin,Device Uptodate,UPTODATE,Success,Failed,Not Applied,a month ago,,,,,,,Enabled,,PASSED
Edge-Node,Unsupported,245-dem-a-1.net.uwa.edu.au,10.88.24.65,Switches and Hubs,Reachable,,Managed,COMPLIANT,10,Global/CRAWLEY/245/Ground Floor,a8:4f:b1:24:a8:00,ACCESS,17.9.3,2 days 1 hr ,13 hours ago,24:00:00,FOC2617ZAJ9,Cisco Catalyst 9300 Series Switches,C9300L-24P-4X,Supported,cat9k_iosxe.17.09.03.SPA.bin,Device Uptodate,UPTODATE,Success,Success,Not Applied,a month ago,,,,,,,Enabled,,PASSED
Edge-Node,Unsupported,245-g02-a-1.net.uwa.edu.au,10.88.24.66,Switches and Hubs,Reachable,,Managed,COMPLIANT,10,Global/CRAWLEY/245/Ground Floor,40:06:d5:63:23:80,ACCESS,17.9.3,8 days 2 hrs ,an hour ago,24:00:00,"FOC2604Y877, FOC2629YR84",Cisco Catalyst 9300 Series Switches,"C9300L-48P-4X, C9300L-48P-4X",Supported,cat9k_iosxe.17.09.03.SPA.bin,Device Uptodate,UPTODATE,Success,Failed,Not Applied,3 months ago,,,,,,,Enabled,,PASSED
Edge-Node,Unsupported,248-g41-a-1.net.uwa.edu.au,10.88.24.1,Switches and Hubs,Reachable,,Managed,NON_COMPLIANT,10,Global/CRAWLEY/248/Test,a0:3d:6e:0e:bc:00,ACCESS,17.9.3,6 days 17 hrs ,20 hours ago,24:00:00,"FOC2451LQYG, FOC2629YNPU",Cisco Catalyst 9300 Series Switches,"C9300L-48P-4X, C9300L-48P-4X",Supported,cat9k_iosxe.17.09.03.SPA.bin,Device Uptodate,UPTODATE,Success,Success,Not Applied,7 days ago,,,,,,,Enabled,,PASSED
Edge-Node,Unsupported,248-g41-a-2.net.uwa.edu.au,10.88.24.7,Switches and Hubs,Reachable,,Managed,COMPLIANT,10,Global/CRAWLEY/248/Ground Floor,40:f0:78:10:54:00,ACCESS,17.9.3,12 days 3 hrs ,13 hours ago,24:00:00,"FOC2443LAD0, FOC2451LQW2",Cisco Catalyst 9300 Series Switches,"C9300L-48P-4X, C9300L-48P-4X",Supported,cat9k_iosxe.17.09.03.SPA.bin,Device Uptodate,UPTODATE,Success,Success,Success,3 months ago,,,,,,,Enabled,,PASSED
Edge-Node,Unsupported,248-test-a-1.net.uwa.edu.au,10.88.24.90,Switches and Hubs,Reachable,,Managed,COMPLIANT,8,Global/CRAWLEY/248/Test,90:eb:50:6e:cf:00,ACCESS,17.9.3,17 days 22 hrs ,13 hours ago,24:00:00,FOC2715Y00U,Cisco Catalyst 9300 Series Switches,C9300L-48P-4X,Supported,cat9k_iosxe.17.09.03.SPA.bin,Device Uptodate,UPTODATE,Success,Success,Not Applied,14 days ago,,,,,,,Enabled,,PASSED
Aggregation Switch,Unsupported,248-test-g-1.net.uwa.edu.au,10.88.24.89,Switches and Hubs,Reachable,,Managed,COMPLIANT,10,Global/CRAWLEY/248/Test,48:2e:72:13:de:20,DISTRIBUTION,17.9.3,17 days 22 hrs ,13 hours ago,24:00:00,FDO26161ST2,Cisco Catalyst 9500 Series Switches,C9500-24Y4C,Supported,cat9k_iosxe.17.09.03.SPA.bin,Device Uptodate,UPTODATE,Success,Success,Not Applied,16 days ago,,,,,,,Not Provisioned,,PASSED
Edge-Node,Unsupported,272-g16a-a-1.net.uwa.edu.au,10.88.24.87,Switches and Hubs,Reachable,,Managed (Syncing...),COMPLIANT,8,Global/CRAWLEY/272/Ground Floor,3c:8b:7f:fb:68:80,ACCESS,17.9.3,11 days 21 hrs ,7 minutes ago,24:00:00,"FOC2629YNG9, FOC2629YQRB, FOC2629YQNA, FOC2629YN51",Cisco Catalyst 9300 Series Switches,"C9300L-48P-4X, C9300L-48P-4X, C9300L-48P-4X, C9300L-48P-4X",Supported,cat9k_iosxe.17.09.03.SPA.bin,Device Uptodate,UPTODATE,Success,Success,Not Applied,3 months ago,,,,,,,Enabled,,PASSED
Edge-Node,Unsupported,274-g27-a-1.net.uwa.edu.au,10.88.24.53,Switches and Hubs,Reachable,,Managed,COMPLIANT,10,Global/CRAWLEY/274/Ground Floor,ac:bc:d9:0e:e2:00,ACCESS,17.9.3,11 days 22 hrs ,an hour ago,24:00:00,FOC2604YHWH,Cisco Catalyst 9300 Series Switches,C9300L-24P-4X,Supported,cat9k_iosxe.17.09.03.SPA.bin,Device Uptodate,UPTODATE,Success,Success,Not Applied,4 months ago,,,,,,,Enabled,,PASSED
Edge-Node,Unsupported,275-g86-a-1.net.uwa.edu.au,10.88.24.21,Switches and Hubs,Reachable,1,Managed,NON_COMPLIANT,8,Global/CRAWLEY/275/Ground Floor,4c:71:0c:32:61:00,ACCESS,17.9.3,12 days 26 mins ,3 minutes ago,24:00:00,"FCW2336C1C7, FOC2330X0UQ, FOC2330X0VM, FOC2330X0US, FJC2406T072",Cisco Catalyst 9300 Series Switches,"C9300-48UXM, C9300-48UN, C9300-48UN, C9300-48UN, C9300-48UN",Supported,cat9k_iosxe.17.09.03.SPA.bin,Device Uptodate,UPTODATE,Success,Success,Success,3 months ago,,,,,,,Enabled,,PASSED
Edge-Node,Unsupported,275-g86-a-2.net.uwa.edu.au,10.88.24.22,Switches and Hubs,Reachable,1,Managed,NON_COMPLIANT,8,Global/CRAWLEY/275/Ground Floor,10:b3:d6:11:e9:80,ACCESS,17.9.3,12 days 21 mins ,38 minutes ago,24:00:00,"FOC2330X0UU, FCW2336G0Y0, FCW2330D0S6, FCW2336G0Y3, FJC2406E0AV, FOC2330W0U4, FJC2406S0DZ, FOC2330X0U5",Cisco Catalyst 9300 Series Switches,"C9300-48UN, C9300-48UXM, C9300-48UN, C9300-48UXM, C9300-48UN, C9300-48UN, C9300-48UN, C9300-48UN",Supported,cat9k_iosxe.17.09.03.SPA.bin,Device Uptodate,UPTODATE,Success,Success,Success,3 months ago,,,,,,,Enabled,,PASSED
Edge-Node,Unsupported,275-g86-a-3.net.uwa.edu.au,10.88.24.23,Switches and Hubs,Reachable,2,Managed,COMPLIANT,10,Global/CRAWLEY/275/Ground Floor,08:4f:f9:7b:85:00,ACCESS,17.9.3,12 days 30 mins ,13 hours ago,24:00:00,FCW2330G0TE,Cisco Catalyst 9300 Series Switches,C9300-48UN,Supported,cat9k_iosxe.17.09.03.SPA.bin,Device Uptodate,UPTODATE,Success,Success,Success,3 months ago,,,,,,,Enabled,,PASSED
Aggregation Switch,Unsupported,275-g86-g-1.net.uwa.edu.au,10.88.24.19,Switches and Hubs,Reachable,,Managed,COMPLIANT,10,Global/CRAWLEY/275/Ground Floor,48:2e:72:13:ea:00,DISTRIBUTION,17.9.3,12 days 31 mins ,13 hours ago,24:00:00,FDO26161SVT,Cisco Catalyst 9500 Series Switches,C9500-24Y4C,Supported,cat9k_iosxe.17.09.03.SPA.bin,Device Uptodate,UPTODATE,Success,Success,Success,3 months ago,,,,,,,Not Provisioned,,PASSED
Edge-Node,Unsupported,329-113-a-1.net.uwa.edu.au,10.88.40.20,Switches and Hubs,Reachable,,Managed,COMPLIANT,10,Global/CRAWLEY/329/First Floor,80:24:8f:84:17:80,ACCESS,17.9.3,12 days 31 mins ,13 hours ago,24:00:00,FOC2542YPGA,Cisco Catalyst 9300 Series Switches,C9300L-48P-4X,Supported,cat9k_iosxe.17.09.03.SPA.bin,Device Uptodate,UPTODATE,Success,Success,Success,3 months ago,,,,,,,Enabled,,PASSED
Aggregation Switch,Unsupported,329-113-g-1.net.uwa.edu.au,10.88.40.18,Switches and Hubs,Reachable,,Managed,COMPLIANT,10,Global/CRAWLEY/329/First Floor,c0:f8:7f:70:31:20,DISTRIBUTION,17.9.3,12 days 31 mins ,13 hours ago,24:00:00,FDO26160PD5,Cisco Catalyst 9500 Series Switches,C9500-24Y4C,Supported,cat9k_iosxe.17.09.03.SPA.bin,Device Uptodate,UPTODATE,Success,Success,Success,3 months ago,,,,,,,Not Provisioned,,PASSED
Edge-Node,Unsupported,329-155-a-1.net.uwa.edu.au,10.88.40.21,Switches and Hubs,Reachable,,Managed,COMPLIANT,10,Global/CRAWLEY/329/First Floor,80:24:8f:87:35:00,ACCESS,17.9.3,12 days 30 mins ,13 hours ago,24:00:00,FOC2542YQX8,Cisco Catalyst 9300 Series Switches,C9300L-48P-4X,Supported,cat9k_iosxe.17.09.03.SPA.bin,Device Uptodate,UPTODATE,Success,Success,Success,3 months ago,,,,,,,Enabled,,PASSED
Edge-Node,Unsupported,329-192-a-1.net.uwa.edu.au,10.88.40.22,Switches and Hubs,Reachable,,Managed,COMPLIANT,10,Global/CRAWLEY/329/First Floor,80:24:8f:59:a0:00,ACCESS,17.9.3,12 days 30 mins ,13 hours ago,24:00:00,FOC2542YFSN,Cisco Catalyst 9300 Series Switches,C9300L-48P-4X,Supported,cat9k_iosxe.17.09.03.SPA.bin,Device Uptodate,UPTODATE,Success,Success,Success,3 months ago,,,,,,,Enabled,,PASSED
Edge-Node,Unsupported,329-226-a-1.net.uwa.edu.au,10.88.40.23,Switches and Hubs,Reachable,,Managed (Syncing...),COMPLIANT,8,Global/CRAWLEY/329/Second Floor,80:24:8f:86:7c:00,ACCESS,17.9.3,11 days 20 hrs ,5 minutes ago,24:00:00,"FOC2542YFYT, FOC2542YKYF, FOC2529LJQ8",Cisco Catalyst 9300 Series Switches,"C9300L-48P-4X, C9300L-48P-4X, C9300L-24P-4X",Supported,cat9k_iosxe.17.09.03.SPA.bin,Device Uptodate,UPTODATE,Success,Success,Success,3 months ago,,,,,,,Enabled,,PASSED
Edge-Node,Unsupported,330-184a-a-1.net.uwa.edu.au,10.88.40.26,Switches and Hubs,Reachable,,Managed,COMPLIANT,10,Global/CRAWLEY/330/First Floor,cc:ed:4d:f2:65:80,ACCESS,17.9.3,12 days 2 hrs ,13 hours ago,24:00:00,FOC2604YHZ0,Cisco Catalyst 9300 Series Switches,C9300L-24P-4X,Supported,cat9k_iosxe.17.09.03.SPA.bin,Device Uptodate,UPTODATE,Success,Success,Success,3 months ago,,,,,,,Enabled,,PASSED
Edge-Node,Unsupported,338-173-a-1.net.uwa.edu.au,10.88.24.28,Switches and Hubs,Reachable,,Managed,COMPLIANT,10,Global/CRAWLEY/338/First Floor,18:59:f5:2e:41:00,ACCESS,17.9.3,11 days 23 hrs ,a few seconds ago,24:00:00,"FOC2604YJVN, FOC2604YJ09",Cisco Catalyst 9300 Series Switches,"C9300L-48P-4X, C9300L-48P-4X",Supported,cat9k_iosxe.17.09.03.SPA.bin,Device Uptodate,UPTODATE,Success,Success,Success,3 months ago,,,,,,,Enabled,,PASSED
Edge-Node,Unsupported,338-211-a-1.net.uwa.edu.au,10.88.24.55,Switches and Hubs,Reachable,1,Managed,COMPLIANT,10,Global/CRAWLEY/338/Second Floor,ac:bc:d9:0f:2b:80,ACCESS,17.9.3,12 days ,an hour ago,24:00:00,"FOC2604YK6C, FOC2629YNEH",Cisco Catalyst 9300 Series Switches,"C9300L-48P-4X, C9300L-48P-4X",Supported,cat9k_iosxe.17.09.03.SPA.bin,Device Uptodate,UPTODATE,Success,Success,Not Applied,3 months ago,,,,,,,Enabled,,PASSED
Aggregation Switch,Unsupported,338-211-g-1.net.uwa.edu.au,10.88.24.32,Switches and Hubs,Reachable,,Managed,COMPLIANT,10,Global/CRAWLEY/338/Second Floor,20:cf:ae:58:91:e0,DISTRIBUTION,17.9.3,11 days 21 hrs ,13 hours ago,24:00:00,FDO25340DBD,Cisco Catalyst 9500 Series Switches,C9500-24Y4C,Supported,cat9k_iosxe.17.09.03.SPA.bin,Device Uptodate,UPTODATE,Success,Success,Success,3 months ago,,,,,,,Not Provisioned,,PASSED
Edge-Node,Unsupported,338-g77-a-1.net.uwa.edu.au,10.88.24.37,Switches and Hubs,Reachable,,Managed,NON_COMPLIANT,10,Global/CRAWLEY/338/Ground Floor,14:a2:a0:87:84:00,ACCESS,17.9.3,11 days 21 hrs ,19 minutes ago,24:00:00,"FOC2604YK7T, FOC2629YRL8, FOC2630Y3CZ",Cisco Catalyst 9300 Series Switches,"C9300L-48P-4X, C9300L-48P-4X, C9300L-48P-4X",Supported,cat9k_iosxe.17.09.03.SPA.bin,Device Uptodate,UPTODATE,Success,Success,Success,12 days ago,,,,,,,Enabled,,PASSED
Edge-Node,Unsupported,345-197-a-1.net.uwa.edu.au,10.88.40.13,Switches and Hubs,Reachable,,Managed,COMPLIANT,10,Global/CRAWLEY/345/First Floor,80:24:8f:9e:91:00,ACCESS,17.9.3,12 days 3 hrs ,an hour ago,24:00:00,"FOC2542YL1S, FOC2604YK4M",Cisco Catalyst 9300 Series Switches,"C9300L-48P-4X, C9300L-48P-4X",Supported,cat9k_iosxe.17.09.03.SPA.bin,Device Uptodate,UPTODATE,Success,Success,Success,3 months ago,,,,,,,Enabled,,PASSED
Edge-Node,Unsupported,345-210-a-1.net.uwa.edu.au,10.88.40.14,Switches and Hubs,Reachable,,Managed,NON_COMPLIANT,10,Global/CRAWLEY/345/Second Floor,b8:a3:77:8b:ad:00,ACCESS,17.9.3,12 days 2 hrs ,2 hours ago,24:00:00,"FOC2542YC9U, FOC2604YK7E, FOC2629YNGU",Cisco Catalyst 9300 Series Switches,"C9300L-48P-4X, C9300L-48P-4X, C9300L-48P-4X",Supported,cat9k_iosxe.17.09.03.SPA.bin,Device Uptodate,UPTODATE,Success,Success,Success,2 months ago,,,,,,,Enabled,,PASSED
Edge-Node,Unsupported,345-g01c-a-1.net.uwa.edu.au,10.88.40.12,Switches and Hubs,Reachable,,Managed,NON_COMPLIANT,8,Global/CRAWLEY/345/Ground Floor,80:24:8f:86:81:80,ACCESS,17.9.3,12 days 3 hrs ,2 minutes ago,24:00:00,"FOC2542YFXA, FOC2604YHLV, FOC2629YRGY",Cisco Catalyst 9300 Series Switches,"C9300L-48P-4X, C9300L-48P-4X, C9300L-48P-4X",Supported,cat9k_iosxe.17.09.03.SPA.bin,Device Uptodate,UPTODATE,Success,Success,Success,2 months ago,,,,,,,Enabled,,PASSED
Aggregation Switch,Unsupported,345-g01c-g-1.net.uwa.edu.au,10.88.40.10,Switches and Hubs,Reachable,,Managed,COMPLIANT,10,Global/CRAWLEY/345/Ground Floor,20:cf:ae:7b:68:a0,DISTRIBUTION,17.9.3,12 days 3 hrs ,13 hours ago,24:00:00,FDO25340D7U,Cisco Catalyst 9500 Series Switches,C9500-24Y4C,Supported,cat9k_iosxe.17.09.03.SPA.bin,Device Uptodate,UPTODATE,Success,Success,Success,3 months ago,,,,,,,Not Provisioned,,PASSED
Edge-Node,Unsupported,346-215a-a-1.net.uwa.edu.au,10.88.40.1,Switches and Hubs,Reachable,,Managed (Syncing...),COMPLIANT,8,Global/CRAWLEY/346/Second Floor,8c:94:1f:7b:55:00,ACCESS,17.9.3,12 days 3 hrs ,a minute ago,24:00:00,"FOC2443L9U9, FOC2443L9VK, FOC2443LA99, FOC2443LA75, FOC2443L4LV",Cisco Catalyst 9300 Series Switches,"C9300L-48P-4X, C9300L-48P-4X, C9300L-48P-4X, C9300L-48P-4X, C9300L-24P-4X",Supported,cat9k_iosxe.17.09.03.SPA.bin,Device Uptodate,UPTODATE,Success,Success,Success,3 months ago,,,,,,,Enabled,,PASSED
Edge-Node,Unsupported,347-234-a-1.net.uwa.edu.au,10.88.40.32,Switches and Hubs,Reachable,,Managed,COMPLIANT,8,Global/CRAWLEY/347/Second Floor,80:24:8f:57:6c:80,ACCESS,17.9.3,11 days 23 hrs ,4 hours ago,24:00:00,"FOC2542YCW2, FOC2542YKWC, FOC2542YPFV",Cisco Catalyst 9300 Series Switches,"C9300L-48P-4X, C9300L-48P-4X, C9300L-48P-4X",Supported,cat9k_iosxe.17.09.03.SPA.bin,Device Uptodate,UPTODATE,Success,Success,Success,4 months ago,,,,,,,Enabled,,PASSED
Edge-Node,Unsupported,347-g14-a-1.net.uwa.edu.au,10.88.40.30,Switches and Hubs,Reachable,,Managed (Syncing...),COMPLIANT,8,Global/CRAWLEY/347/Ground Floor,80:24:8f:a9:86:00,ACCESS,17.9.3,11 days 23 hrs ,11 minutes ago,24:00:00,"FOC2542YPG9, FOC2542YFKF, FOC2542YPG3, FOC2604YK9A, FOC2604YKBH, FOC2604YKBX",Cisco Catalyst 9300 Series Switches,"C9300L-48P-4X, C9300L-48P-4X, C9300L-48P-4X, C9300L-48P-4X, C9300L-48P-4X, C9300L-48P-4X",Supported,cat9k_iosxe.17.09.03.SPA.bin,Device Uptodate,UPTODATE,Success,Success,Success,4 months ago,,,,,,,Enabled,,PASSED
Aggregation Switch,Unsupported,347-g14-g-1.net.uwa.edu.au,10.88.40.28,Switches and Hubs,Reachable,,Managed,COMPLIANT,10,Global/CRAWLEY/347/Ground Floor,48:2e:72:13:b2:60,DISTRIBUTION,17.9.3,12 days 4 mins ,13 hours ago,24:00:00,FDO26160PB7,Cisco Catalyst 9500 Series Switches,C9500-24Y4C,Supported,cat9k_iosxe.17.09.03.SPA.bin,Device Uptodate,UPTODATE,Success,Success,Success,7 months ago,,,,,,,Not Provisioned,,PASSED
Edge-Node,Unsupported,349-101-a-1.net.uwa.edu.au,10.88.40.35,Switches and Hubs,Reachable,,Managed,COMPLIANT,10,Global/CRAWLEY/349/First Floor,44:88:16:0e:ed:00,ACCESS,17.9.3,12 days 32 mins ,2 hours ago,24:00:00,FOC2629YQHR,Cisco Catalyst 9300 Series Switches,C9300L-48P-4X,Supported,cat9k_iosxe.17.09.03.SPA.bin,Device Uptodate,UPTODATE,Success,Success,Not Applied,4 months ago,,,,,,,Enabled,,PASSED
Edge-Node,Unsupported,351-192a-a-1.net.uwa.edu.au,10.88.24.5,Switches and Hubs,Reachable,,Managed,COMPLIANT,10,Global/CRAWLEY/351/First Floor,8c:94:1f:81:81:00,ACCESS,17.9.3,12 days 2 hrs ,an hour ago,24:00:00,FOC2443L9NV,Cisco Catalyst 9300 Series Switches,C9300L-48P-4X,Supported,cat9k_iosxe.17.09.03.SPA.bin,Device Uptodate,UPTODATE,Success,Success,Success,3 months ago,,,,,,,Enabled,,PASSED
Edge-Node,Unsupported,351-293-a-1.net.uwa.edu.au,10.88.24.6,Switches and Hubs,Reachable,,Managed,COMPLIANT,10,Global/CRAWLEY/351/Second Floor,40:f0:78:10:5f:00,ACCESS,17.9.3,12 days 3 hrs ,5 minutes ago,24:00:00,"FOC2443LACE, FOC2604YJF7",Cisco Catalyst 9300 Series Switches,"C9300L-48P-4X, C9300L-48P-4X",Supported,cat9k_iosxe.17.09.03.SPA.bin,Device Uptodate,UPTODATE,Success,Success,Success,3 months ago,,,,,,,Enabled,,PASSED
Edge-Node,Unsupported,351-g91-a-1.net.uwa.edu.au,10.88.24.4,Switches and Hubs,Reachable,,Managed,COMPLIANT,10,Global/CRAWLEY/351/Ground Floor,04:76:b0:ae:a8:00,ACCESS,17.9.3,12 days 3 hrs ,an hour ago,24:00:00,"FOC2443LACC, FOC2443L4LT",Cisco Catalyst 9300 Series Switches,"C9300L-48P-4X, C9300L-24P-4X",Supported,cat9k_iosxe.17.09.03.SPA.bin,Device Uptodate,UPTODATE,Success,Success,Success,3 months ago,,,,,,,Enabled,,PASSED
Aggregation Switch,Unsupported,351-g91-g-1.net.uwa.edu.au,10.88.24.2,Switches and Hubs,Reachable,,Managed,COMPLIANT,10,Global/CRAWLEY/351/Ground Floor,dc:77:4c:ae:4c:00,DISTRIBUTION,17.9.3,12 days 3 hrs ,13 hours ago,24:00:00,FOC2443LBFL,Cisco Catalyst 9500 Series Switches,C9500-16X,Supported,cat9k_iosxe.17.09.03.SPA.bin,Device Uptodate,UPTODATE,Success,Success,Success,3 months ago,,,,,,,Not Provisioned,,PASSED
Edge-Node,Unsupported,352-218-a-1.net.uwa.edu.au,10.88.24.85,Switches and Hubs,Reachable,,Managed,NON_COMPLIANT,8,Global/CRAWLEY/352/Second Floor,44:88:16:0e:cb:80,ACCESS,17.9.3,11 days 21 hrs ,a few seconds ago,24:00:00,"FOC2629YQNY, FOC2629YR9D, FOC2629YQL2, FOC2629YM4M, FOC2629YPZB, FOC2604YHX2",Cisco Catalyst 9300 Series Switches,"C9300L-48P-4X, C9300L-48P-4X, C9300L-48P-4X, C9300L-48P-4X, C9300L-48P-4X, C9300L-24P-4X",Supported,cat9k_iosxe.17.09.03.SPA.bin,Device Uptodate,UPTODATE,Success,Success,Not Applied,a month ago,,,,,,,Enabled,,PASSED
Edge-Node,Unsupported,352-218-a-2.net.uwa.edu.au,10.88.24.86,Switches and Hubs,Reachable,,Managed,COMPLIANT,8,Global/CRAWLEY/352/Second Floor,88:fc:5d:5f:49:00,ACCESS,17.9.3,11 days 21 hrs ,6 minutes ago,24:00:00,"FOC2629YSCA, FOC2629YRBN, FOC2629YNGW, FOC2547YD3F",Cisco Catalyst 9300 Series Switches,"C9300L-48P-4X, C9300L-48P-4X, C9300L-48P-4X, C9300L-24P-4X",Supported,cat9k_iosxe.17.09.03.SPA.bin,Device Uptodate,UPTODATE,Success,Success,Not Applied,a month ago,,,,,,,Enabled,,PASSED
Aggregation Switch,Unsupported,352-218-g-1.net.uwa.edu.au,10.88.24.83,Switches and Hubs,Reachable,,Managed,COMPLIANT,10,Global/CRAWLEY/352/Second Floor,80:6a:00:6d:72:80,DISTRIBUTION,17.9.3,11 days 21 hrs ,13 hours ago,24:00:00,FDO2614052A,Cisco Catalyst 9500 Series Switches,C9500-24Y4C,Supported,cat9k_iosxe.17.09.03.SPA.bin,Device Uptodate,UPTODATE,Success,Success,Not Applied,a month ago,,,,,,,Not Provisioned,,PASSED
Edge-Node,Unsupported,352-2205-a-1.net.uwa.edu.au,10.88.24.81,Switches and Hubs,Reachable,,Managed,COMPLIANT,10,Global/CRAWLEY/352/Second Floor,3c:8b:7f:fb:73:00,ACCESS,17.9.3,10 days 4 hrs ,12 minutes ago,24:00:00,"FOC2629YQJL, FOC2629YRBD, FOC2629YS12",Cisco Catalyst 9300 Series Switches,"C9300L-48P-4X, C9300L-48P-4X, C9300L-48P-4X",Supported,cat9k_iosxe.17.09.03.SPA.bin,Device Uptodate,UPTODATE,Success,Success,Not Applied,3 months ago,,,,,,,Enabled,,PASSED
Edge-Node,Unsupported,352-2205-a-2.net.uwa.edu.au,10.88.24.82,Switches and Hubs,Reachable,,Managed (Syncing...),COMPLIANT,10,Global/CRAWLEY/352/Second Floor,3c:8b:7f:fb:6e:00,ACCESS,17.9.3,10 days 4 hrs ,12 minutes ago,24:00:00,"FOC2629YNHH, FOC2629YP5H, FOC2629YNGZ, FOC2629YQXK, FOC2629YS3A",Cisco Catalyst 9300 Series Switches,"C9300L-48P-4X, C9300L-48P-4X, C9300L-48P-4X, C9300L-48P-4X, C9300L-48P-4X",Supported,cat9k_iosxe.17.09.03.SPA.bin,Device Uptodate,UPTODATE,Success,Success,Not Applied,3 months ago,,,,,,,Enabled,,PASSED
Aggregation Switch,Unsupported,352-2205-g-1.net.uwa.edu.au,10.88.24.79,Switches and Hubs,Reachable,,Managed,COMPLIANT,8,Global/CRAWLEY/352/Second Floor,80:6a:00:6d:5f:20,DISTRIBUTION,17.9.3,10 days 4 hrs ,13 hours ago,24:00:00,FDO261404ZM,Cisco Catalyst 9500 Series Switches,C9500-24Y4C,Supported,cat9k_iosxe.17.09.03.SPA.bin,Device Uptodate,UPTODATE,Success,Success,Not Applied,3 months ago,,,,,,,Not Provisioned,,PASSED
Edge-Node,Unsupported,410-g11-a-1.net.uwa.edu.au,10.88.40.62,Switches and Hubs,Reachable,,Managed,COMPLIANT,10,Global/CRAWLEY/410/Ground Floor,3c:8b:7f:d5:2b:00,ACCESS,17.9.3,11 days 22 hrs ,23 minutes ago,24:00:00,"FOC2629YQJ1, FOC2617ZC39",Cisco Catalyst 9300 Series Switches,"C9300L-48P-4X, C9300L-24P-4X",Supported,cat9k_iosxe.17.09.03.SPA.bin,Device Uptodate,UPTODATE,Success,Success,Not Applied,21 days ago,,,,,,,Enabled,,PASSED
Extended Edge-Node,Unsupported,441-124-e-1.net.uwa.edu.au,10.88.191.226,Switches and Hubs,Reachable,,Managed,COMPLIANT,10,Global/CRAWLEY/441/First Floor,c4:b9:cd:c5:0a:00,ACCESS,15.2(7)E5,413 days 4 hrs ,13 hours ago,24:00:00,FOC2104Y07W,Cisco Catalyst 3560-CX Series Switches,WS-C3560CX-8XPD-S,Supported,c3560cx-universalk9-mz.152-7.E5.bin,Activation Success,UPTODATE,Success,Success,Success,3 months ago,,,,,,,Not Provisioned,4,UNSUPPORTED
Extended Edge-Node,Unsupported,441-124-e-2.net.uwa.edu.au,10.88.191.221,Switches and Hubs,Reachable,,Managed,COMPLIANT,10,Global/CRAWLEY/441/First Floor,c4:b9:cd:53:2e:80,ACCESS,15.2(7)E5,413 days 4 hrs ,8 hours ago,24:00:00,FOC2104Y0AF,Cisco Catalyst 3560-CX Series Switches,WS-C3560CX-8XPD-S,Supported,c3560cx-universalk9-mz.152-7.E5.bin,Activation Success,UPTODATE,Success,Success,Success,3 months ago,,,,,,,Not Provisioned,4,UNSUPPORTED
Extended Edge-Node,Unsupported,441-124-e-3.net.uwa.edu.au,10.88.191.231,Switches and Hubs,Reachable,,Managed,COMPLIANT,10,Global/CRAWLEY/441/First Floor,c4:b9:cd:c4:a4:80,ACCESS,15.2(7)E5,112 days 12 hrs ,8 hours ago,24:00:00,FOC2104Y0A1,Cisco Catalyst 3560-CX Series Switches,WS-C3560CX-8XPD-S,Supported,c3560cx-universalk9-mz.152-7.E5.bin,Activation Success,UPTODATE,Success,Success,Success,3 months ago,,,,,,,Not Provisioned,4,UNSUPPORTED
Extended Edge-Node,Unsupported,441-124-e-4.net.uwa.edu.au,10.88.191.241,Switches and Hubs,Reachable,,Managed,COMPLIANT,10,Global/CRAWLEY/441/First Floor,c4:b9:cd:c5:44:80,ACCESS,15.2(7)E5,112 days 12 hrs ,7 hours ago,24:00:00,FOC2104Y08Y,Cisco Catalyst 3560-CX Series Switches,WS-C3560CX-8XPD-S,Supported,c3560cx-universalk9-mz.152-7.E5.bin,Activation Success,UPTODATE,Success,Success,Success,3 months ago,,,,,,,Not Provisioned,4,UNSUPPORTED
Extended Edge-Node,Unsupported,441-124-e-5.net.uwa.edu.au,10.88.191.228,Switches and Hubs,Reachable,,Managed,COMPLIANT,10,Global/CRAWLEY/441/First Floor,c4:b9:cd:c4:b9:00,ACCESS,15.2(7)E5,112 days 12 hrs ,13 hours ago,24:00:00,FOC2104Y0BC,Cisco Catalyst 3560-CX Series Switches,WS-C3560CX-8XPD-S,Supported,c3560cx-universalk9-mz.152-7.E5.bin,Activation Success,UPTODATE,Success,Success,Success,3 months ago,,,,,,,Not Provisioned,4,UNSUPPORTED
Extended Edge-Node,Unsupported,441-124-e-6.net.uwa.edu.au,10.88.191.223,Switches and Hubs,Reachable,,Managed,COMPLIANT,10,Global/CRAWLEY/441/First Floor,c4:b9:cd:c5:19:00,ACCESS,15.2(7)E5,112 days 12 hrs ,8 hours ago,24:00:00,FOC2104Y085,Cisco Catalyst 3560-CX Series Switches,WS-C3560CX-8XPD-S,Supported,c3560cx-universalk9-mz.152-7.E5.bin,Activation Success,UPTODATE,Success,Success,Success,3 months ago,,,,,,,Not Provisioned,4,UNSUPPORTED
Extended Edge-Node,Unsupported,441-124-e-7.net.uwa.edu.au,10.88.191.239,Switches and Hubs,Reachable,,Managed,COMPLIANT,10,Global/CRAWLEY/441/First Floor,c4:b9:cd:c4:c6:00,ACCESS,15.2(7)E5,413 days 4 hrs ,13 hours ago,24:00:00,FOC2104Y0BV,Cisco Catalyst 3560-CX Series Switches,WS-C3560CX-8XPD-S,Supported,c3560cx-universalk9-mz.152-7.E5.bin,Activation Success,UPTODATE,Success,Success,Success,3 months ago,,,,,,,Not Provisioned,4,UNSUPPORTED
Extended Edge-Node,Unsupported,441-124-e-8.net.uwa.edu.au,10.88.191.214,Switches and Hubs,Reachable,,Managed,COMPLIANT,10,Global/CRAWLEY/441/First Floor,c4:b9:cd:c5:47:00,ACCESS,15.2(7)E5,413 days 4 hrs ,8 hours ago,24:00:00,FOC2104Y09F,Cisco Catalyst 3560-CX Series Switches,WS-C3560CX-8XPD-S,Supported,c3560cx-universalk9-mz.152-7.E5.bin,Activation Success,UPTODATE,Success,Success,Success,3 months ago,,,,,,,Not Provisioned,4,UNSUPPORTED
Extended Edge-Node,Unsupported,441-124-e-9.net.uwa.edu.au,10.88.191.222,Switches and Hubs,Reachable,,Managed,COMPLIANT,10,Global/CRAWLEY/441/First Floor,c4:b9:cd:c5:0c:80,ACCESS,15.2(7)E5,112 days 12 hrs ,8 hours ago,24:00:00,FOC2104Y07Y,Cisco Catalyst 3560-CX Series Switches,WS-C3560CX-8XPD-S,Supported,c3560cx-universalk9-mz.152-7.E5.bin,Activation Success,UPTODATE,Success,Success,Success,3 months ago,,,,,,,Not Provisioned,4,UNSUPPORTED
Extended Edge-Node,Unsupported,441-124-e-10.net.uwa.edu.au,10.88.191.229,Switches and Hubs,Reachable,,Managed,COMPLIANT,10,Global/CRAWLEY/441/First Floor,c4:b9:cd:c5:38:80,ACCESS,15.2(7)E5,112 days 12 hrs ,8 hours ago,24:00:00,FOC2104Y08R,Cisco Catalyst 3560-CX Series Switches,WS-C3560CX-8XPD-S,Supported,c3560cx-universalk9-mz.152-7.E5.bin,Activation Success,UPTODATE,Success,Success,Success,3 months ago,,,,,,,Not Provisioned,4,UNSUPPORTED
Edge-Node,Unsupported,441-1187-a-1.net.uwa.edu.au,10.88.40.5,Switches and Hubs,Reachable,1,Managed,COMPLIANT,8,Global/CRAWLEY/441/First Floor,80:24:8f:82:b4:80,ACCESS,17.9.3,12 days 2 hrs ,13 hours ago,24:00:00,"FOC2542YG9U, FOC2542Y8G5, FOC2542YLCX, FOC2604YJXA",Cisco Catalyst 9300 Series Switches,"C9300L-48P-4X, C9300L-48P-4X, C9300L-48P-4X, C9300L-48P-4X",Supported,cat9k_iosxe.17.09.03.SPA.bin,Device Uptodate,UPTODATE,Success,Success,Success,3 months ago,,,,,,,Not Provisioned,,PASSED
Edge-Node,Unsupported,441-1187-a-3.net.uwa.edu.au,10.88.40.9,Switches and Hubs,Reachable,,Managed (Syncing...),COMPLIANT,8,Global/CRAWLEY/441/First Floor,80:24:8f:97:8b:80,ACCESS,17.9.3,12 days 2 hrs ,5 minutes ago,24:00:00,"FOC2542YLDK, FOC2542YPG1, FOC2542YCWD, FOC2542YPQD",Cisco Catalyst 9300 Series Switches,"C9300L-48P-4X, C9300L-48P-4X, C9300L-48P-4X, C9300L-48P-4X",Supported,cat9k_iosxe.17.09.03.SPA.bin,Device Uptodate,UPTODATE,Success,Success,Success,3 months ago,,,,,,,Enabled,,PASSED
Edge-Node,Unsupported,441-1187-a-4.net.uwa.edu.au,10.88.40.15,Switches and Hubs,Reachable,,Managed,COMPLIANT,10,Global/CRAWLEY/441/First Floor,04:bd:97:ed:79:80,ACCESS,17.9.3,12 days 2 hrs ,13 hours ago,24:00:00,FDO261529CT,Cisco Catalyst 9500 Series Switches,C9500-24Y4C,Supported,cat9k_iosxe.17.09.03.SPA.bin,Device Uptodate,UPTODATE,Success,Success,Success,3 months ago,,,,,,,Not Provisioned,,PASSED
Edge-Node,Unsupported,441-1187-a-5.net.uwa.edu.au,10.88.40.16,Switches and Hubs,Reachable,,Managed,COMPLIANT,10,Global/CRAWLEY/441/First Floor,c0:f8:7f:70:67:80,ACCESS,17.9.3,12 days 2 hrs ,13 hours ago,24:00:00,FDO26161SW4,Cisco Catalyst 9500 Series Switches,C9500-24Y4C,Supported,cat9k_iosxe.17.09.03.SPA.bin,Device Uptodate,UPTODATE,Success,Success,Success,3 months ago,,,,,,,Not Provisioned,,PASSED
Edge-Node,Unsupported,441-1187-a-6.net.uwa.edu.au,10.88.40.17,Switches and Hubs,Reachable,,Managed,COMPLIANT,10,Global/CRAWLEY/441/First Floor,c0:f8:7f:70:85:80,ACCESS,17.9.3,12 days 2 hrs ,13 hours ago,24:00:00,FDO26161SJE,Cisco Catalyst 9500 Series Switches,C9500-24Y4C,Supported,cat9k_iosxe.17.09.03.SPA.bin,Device Uptodate,UPTODATE,Success,Success,Success,3 months ago,,,,,,,Not Provisioned,,PASSED
Aggregation Switch,Unsupported,441-1187-g-1.net.uwa.edu.au,10.88.40.3,Switches and Hubs,Reachable,,Managed,COMPLIANT,10,Global/CRAWLEY/441/First Floor,14:a2:a0:1e:a4:e0,DISTRIBUTION,17.9.3,12 days 2 hrs ,13 hours ago,24:00:00,FDO25461GKK,Cisco Catalyst 9500 Series Switches,C9500-24Y4C,Supported,cat9k_iosxe.17.09.03.SPA.bin,Device Uptodate,UPTODATE,Success,Success,Success,3 months ago,,,,,,,Not Provisioned,,PASSED
Edge-Node,Unsupported,441-1190-a-1.net.uwa.edu.au,10.88.40.7,Switches and Hubs,Reachable,1,Managed,COMPLIANT,10,Global/CRAWLEY/441/First Floor,80:24:8f:86:b0:00,ACCESS,17.9.3,12 days 2 hrs ,27 minutes ago,24:00:00,"FOC2542YKWT, FOC2542YLF7, FOC2542Y8TE, FOC2542YPHN",Cisco Catalyst 9300 Series Switches,"C9300L-48P-4X, C9300L-48P-4X, C9300L-48P-4X, C9300L-48P-4X",Supported,cat9k_iosxe.17.09.03.SPA.bin,Device Uptodate,UPTODATE,Success,Success,Success,3 months ago,,,,,,,Enabled,,PASSED
Edge-Node,Unsupported,441-1190-a-2.net.uwa.edu.au,10.88.40.8,Switches and Hubs,Reachable,,Managed,COMPLIANT,10,Global/CRAWLEY/441/First Floor,80:24:8f:84:03:80,ACCESS,17.9.3,12 days 2 hrs ,13 hours ago,24:00:00,"FOC2542YNPZ, FOC2542YAGS, FOC2542YNV6, FOC2542YPFW, FOC2542YFZZ, FOC2529LJPH",Cisco Catalyst 9300 Series Switches,"C9300L-48P-4X, C9300L-48P-4X, C9300L-48P-4X, C9300L-48P-4X, C9300L-48P-4X, C9300L-24P-4X",Supported,cat9k_iosxe.17.09.03.SPA.bin,Device Uptodate,UPTODATE,Success,Success,Success,3 months ago,,,,,,,Enabled,,PASSED
Extended Edge-Node,Unsupported,441-g04-e-1.net.uwa.edu.au,10.88.191.227,Switches and Hubs,Reachable,,Managed,COMPLIANT,10,Global/CRAWLEY/441/First Floor,2c:ab:eb:54:10:00,ACCESS,15.2(7)E5,73 days 1 min ,4 hours ago,24:00:00,FOC2106Z0VH,Cisco Catalyst 3560-CX Series Switches,WS-C3560CX-8XPD-S,Supported,c3560cx-universalk9-mz.152-7.E5.bin,Activation Success,UPTODATE,Success,Success,Success,3 months ago,,,,,,,Not Provisioned,4,UNSUPPORTED
Extended Edge-Node,Unsupported,441-g04-e-2.net.uwa.edu.au,10.88.191.225,Switches and Hubs,Reachable,,Managed,COMPLIANT,10,Global/CRAWLEY/441/First Floor,c4:b9:cd:70:aa:00,ACCESS,15.2(7)E5,112 days 11 hrs ,13 hours ago,24:00:00,FOC2106Z0UQ,Cisco Catalyst 3560-CX Series Switches,WS-C3560CX-8XPD-S,Supported,c3560cx-universalk9-mz.152-7.E5.bin,Activation Success,UPTODATE,Success,Success,Success,3 months ago,,,,,,,Not Provisioned,4,UNSUPPORTED
Extended Edge-Node,Unsupported,441-g04-e-3.net.uwa.edu.au,10.88.191.230,Switches and Hubs,Reachable,,Managed,COMPLIANT,10,Global/CRAWLEY/441/First Floor,2c:ab:eb:a8:94:80,ACCESS,15.2(7)E5,112 days 11 hrs ,13 hours ago,24:00:00,FOC2106Z0N7,Cisco Catalyst 3560-CX Series Switches,WS-C3560CX-8XPD-S,Supported,c3560cx-universalk9-mz.152-7.E5.bin,Activation Success,UPTODATE,Success,Success,Success,3 months ago,,,,,,,Not Provisioned,4,UNSUPPORTED
Extended Edge-Node,Unsupported,441-g04-e-4.net.uwa.edu.au,10.88.191.215,Switches and Hubs,Reachable,,Managed,COMPLIANT,10,Global/CRAWLEY/441/First Floor,2c:ab:eb:54:e2:00,ACCESS,15.2(7)E5,112 days 11 hrs ,13 hours ago,24:00:00,FOC2106Z0UW,Cisco Catalyst 3560-CX Series Switches,WS-C3560CX-8XPD-S,Supported,c3560cx-universalk9-mz.152-7.E5.bin,Activation Success,UPTODATE,Success,Success,Success,3 months ago,,,,,,,Not Provisioned,4,UNSUPPORTED
Extended Edge-Node,Unsupported,441-g04-e-5.net.uwa.edu.au,10.88.191.220,Switches and Hubs,Reachable,,Managed,COMPLIANT,10,Global/CRAWLEY/441/First Floor,2c:ab:eb:54:be:00,ACCESS,15.2(7)E5,112 days 11 hrs ,13 hours ago,24:00:00,FOC2106Z0UD,Cisco Catalyst 3560-CX Series Switches,WS-C3560CX-8XPD-S,Supported,c3560cx-universalk9-mz.152-7.E5.bin,Activation Success,UPTODATE,Success,Success,Success,3 months ago,,,,,,,Not Provisioned,4,UNSUPPORTED
Extended Edge-Node,Unsupported,441-g05-e-1.net.uwa.edu.au,10.88.191.254,Switches and Hubs,Reachable,,Managed,COMPLIANT,10,Global/CRAWLEY/441/First Floor,2c:ab:eb:a8:47:00,ACCESS,15.2(7)E5,73 days ,13 hours ago,24:00:00,FOC2106Z0LT,Cisco Catalyst 3560-CX Series Switches,WS-C3560CX-8XPD-S,Supported,c3560cx-universalk9-mz.152-7.E5.bin,Activation Success,UPTODATE,Success,Success,Success,3 months ago,,,,,,,Not Provisioned,4,UNSUPPORTED
Extended Edge-Node,Unsupported,441-g05-e-2.net.uwa.edu.au,10.88.191.233,Switches and Hubs,Reachable,,Managed,COMPLIANT,10,Global/CRAWLEY/441/First Floor,2c:ab:eb:55:04:80,ACCESS,15.2(7)E5,112 days 11 hrs ,13 hours ago,24:00:00,FOC2106Z0V6,Cisco Catalyst 3560-CX Series Switches,WS-C3560CX-8XPD-S,Supported,c3560cx-universalk9-mz.152-7.E5.bin,Activation Success,UPTODATE,Success,Success,Success,3 months ago,,,,,,,Not Provisioned,4,UNSUPPORTED
Extended Edge-Node,Unsupported,441-g05-e-3.net.uwa.edu.au,10.88.191.250,Switches and Hubs,Reachable,,Managed,COMPLIANT,10,Global/CRAWLEY/441/First Floor,2c:ab:eb:54:fb:80,ACCESS,15.2(7)E5,112 days 11 hrs ,13 hours ago,24:00:00,FOC2106Z0V2,Cisco Catalyst 3560-CX Series Switches,WS-C3560CX-8XPD-S,Supported,c3560cx-universalk9-mz.152-7.E5.bin,Activation Success,UPTODATE,Success,Success,Success,3 months ago,,,,,,,Not Provisioned,4,UNSUPPORTED
Extended Edge-Node,Unsupported,441-G05-e-4.net.uwa.edu.au,10.88.191.219,Switches and Hubs,Reachable,,Managed,COMPLIANT,10,Global/CRAWLEY/441/First Floor,2c:31:24:65:00:00,ACCESS,15.2(7)E5,112 days 11 hrs ,13 hours ago,24:00:00,FOC2106Z0V1,Cisco Catalyst 3560-CX Series Switches,WS-C3560CX-8XPD-S,Supported,c3560cx-universalk9-mz.152-7.E5.bin,Activation Success,UPTODATE,Success,Success,Success,3 months ago,,,,,,,Not Provisioned,4,UNSUPPORTED
Extended Edge-Node,Unsupported,441-g05-e-5.net.uwa.edu.au,10.88.191.224,Switches and Hubs,Reachable,,Managed,COMPLIANT,10,Global/CRAWLEY/441/First Floor,2c:ab:eb:54:fc:00,ACCESS,15.2(7)E5,112 days 11 hrs ,13 hours ago,24:00:00,FOC2106Z0V3,Cisco Catalyst 3560-CX Series Switches,WS-C3560CX-8XPD-S,Supported,c3560cx-universalk9-mz.152-7.E5.bin,Activation Success,UPTODATE,Success,Success,Success,3 months ago,,,,,,,Not Provisioned,4,UNSUPPORTED
Edge-Node,Unsupported,446-193-a-1.net.uwa.edu.au,10.88.40.44,Switches and Hubs,Reachable,,Managed,COMPLIANT,10,Global/CRAWLEY/446/First Floor,3c:8b:7f:fa:a7:00,ACCESS,17.9.3,11 days 22 hrs ,an hour ago,24:00:00,"FOC2629YK4H, FOC2629YSJC, FOC2629YQU8, FOC2629YQMY",Cisco Catalyst 9300 Series Switches,"C9300L-48P-4X, C9300L-48P-4X, C9300L-48P-4X, C9300L-48P-4X",Supported,cat9k_iosxe.17.09.03.SPA.bin,Device Uptodate,UPTODATE,Success,Success,Not Applied,3 months ago,,,,,,,Enabled,,PASSED
Aggregation Switch,Unsupported,446-193-g-1.net.uwa.edu.au,10.88.40.42,Switches and Hubs,Reachable,,Managed,COMPLIANT,10,Global/CRAWLEY/446/First Floor,c0:f8:7f:70:9a:c0,DISTRIBUTION,17.9.3,11 days 23 hrs ,13 hours ago,24:00:00,FDO26161SVN,Cisco Catalyst 9500 Series Switches,C9500-24Y4C,Supported,cat9k_iosxe.17.09.03.SPA.bin,Device Uptodate,UPTODATE,Success,Success,Not Applied,3 months ago,,,,,,,Not Provisioned,,PASSED
Edge-Node,Unsupported,446-293-a-1.net.uwa.edu.au,10.88.40.45,Switches and Hubs,Reachable,,Managed (Syncing...),COMPLIANT,10,Global/CRAWLEY/446/Second Floor,88:fc:5d:62:43:80,ACCESS,17.9.3,11 days 22 hrs ,7 minutes ago,24:00:00,"FOC2629YRLA, FOC2629YNFC, FOC2629YQNG, FOC2629YQMU, FOC2629YQJ0",Cisco Catalyst 9300 Series Switches,"C9300L-48P-4X, C9300L-48P-4X, C9300L-48P-4X, C9300L-48P-4X, C9300L-48P-4X",Supported,cat9k_iosxe.17.09.03.SPA.bin,Device Uptodate,UPTODATE,Success,Success,Not Applied,3 months ago,,,,,,,Enabled,,PASSED
Edge-Node,Unsupported,446-348-a-1.net.uwa.edu.au,10.88.40.46,Switches and Hubs,Reachable,,Managed,COMPLIANT,10,Global/CRAWLEY/446/Third Floor,88:fc:5d:5f:37:80,ACCESS,17.9.3,11 days 23 hrs ,35 minutes ago,24:00:00,"FOC2629YRV5, FOC2529LJQB",Cisco Catalyst 9300 Series Switches,"C9300L-48P-4X, C9300L-24P-4X",Supported,cat9k_iosxe.17.09.03.SPA.bin,Device Uptodate,UPTODATE,Success,Success,Not Applied,3 months ago,,,,,,,Enabled,,PASSED
Edge-Node,Unsupported,446-g93-a-1.net.uwa.edu.au,10.88.40.47,Switches and Hubs,Reachable,,Managed,COMPLIANT,10,Global/CRAWLEY/446/Ground Floor,88:fc:5d:5f:22:80,ACCESS,17.9.3,11 days 22 hrs ,an hour ago,24:00:00,"FOC2629YNXG, FOC2629YS5R, FOC2629YR87",Cisco Catalyst 9300 Series Switches,"C9300L-48P-4X, C9300L-48P-4X, C9300L-48P-4X",Supported,cat9k_iosxe.17.09.03.SPA.bin,Device Uptodate,UPTODATE,Success,Failed,Not Applied,3 months ago,,,,,,,Enabled,,PASSED
Edge-Node,Unsupported,499-101h-a-1.net.uwa.edu.au,10.88.72.3,Switches and Hubs,Reachable,1,Managed,COMPLIANT,8,Global/CRAWLEY/499/First Floor,ac:bc:d9:04:0c:80,ACCESS,17.9.3,12 days 2 hrs ,an hour ago,24:00:00,"FOC2604YGSE, FOC2542Y9JL, FOC2542YGR2, FOC2604YJWU, FOC2542YAFF, FOC2542YMYH",Cisco Catalyst 9300 Series Switches,"C9300L-48P-4X, C9300L-48P-4X, C9300L-48P-4X, C9300L-48P-4X, C9300L-48P-4X, C9300L-48P-4X",Supported,cat9k_iosxe.17.09.03.SPA.bin,Device Uptodate,UPTODATE,Success,Success,Success,3 months ago,,,,,,,Enabled,,PASSED
Edge-Node,Unsupported,499-101h-a-2.net.uwa.edu.au,10.88.72.4,Switches and Hubs,Reachable,,Managed,NON_COMPLIANT,10,Global/CRAWLEY/499/First Floor,80:24:8f:84:08:80,ACCESS,17.9.3,12 days 2 hrs ,an hour ago,24:00:00,"FOC2542YPGT, FOC2542YFX5, FOC2542YFWG",Cisco Catalyst 9300 Series Switches,"C9300L-48P-4X, C9300L-48P-4X, C9300L-48P-4X",Supported,CAT9K[17.9.3],Distribution Pending,OUTDATED,Success,Success,Success,3 months ago,,,,,,,Enabled,,PASSED
Aggregation Switch,Unsupported,499-101h-g-1.net.uwa.edu.au,10.88.72.1,Switches and Hubs,Reachable,,Managed,COMPLIANT,10,Global/CRAWLEY/499/First Floor,04:bd:97:85:2c:e0,DISTRIBUTION,17.9.3,12 days 3 hrs ,13 hours ago,24:00:00,FDO2615191X,Cisco Catalyst 9500 Series Switches,C9500-24Y4C,Supported,cat9k_iosxe.17.09.03.SPA.bin,Device Uptodate,UPTODATE,Success,Success,Success,3 months ago,,,,,,,Not Provisioned,,PASSED
Edge-Node,Unsupported,501-118-a-1.net.uwa.edu.au,10.88.72.5,Switches and Hubs,Reachable,,Managed,NON_COMPLIANT,10,Global/CRAWLEY/501/First Floor,3c:26:e4:05:e3:80,ACCESS,17.9.3,11 days 20 hrs ,3 hours ago,24:00:00,"FOC2629YNFF, FOC2629YNFN, FOC2629YQT9",Cisco Catalyst 9300 Series Switches,"C9300L-48P-4X, C9300L-48P-4X, C9300L-48P-4X",Supported,CAT9K[17.9.3],Distribution Pending,OUTDATED,Success,Success,Not Applied,4 months ago,,,,,,,Enabled,,PASSED
Edge-Node,Unsupported,507-g15-a-1.net.uwa.edu.au,10.88.72.7,Switches and Hubs,Reachable,1,Managed,COMPLIANT,8,Global/CRAWLEY/507/Ground Floor,3c:8b:7f:fb:6e:80,ACCESS,17.9.3,9 days 3 hrs ,13 hours ago,24:00:00,"FOC2629YQKU, FOC2542YJ19",Cisco Catalyst 9300 Series Switches,"C9300L-48P-4X, C9300L-48P-4X",Supported,cat9k_iosxe.17.09.03.SPA.bin,Device Uptodate,UPTODATE,Success,Success,Not Applied,3 months ago,,,,,,,Enabled,,PASSED
Edge-Node,Unsupported,606-131-a-1.net.uwa.edu.au,10.88.56.26,Switches and Hubs,Reachable,,Managed,COMPLIANT,10,Global/CRAWLEY/606/First Floor,3c:8b:7f:ce:12:00,ACCESS,17.9.3,12 days ,13 hours ago,24:00:00,FOC2629YNZL,Cisco Catalyst 9300 Series Switches,C9300L-48P-4X,Supported,cat9k_iosxe.17.09.03.SPA.bin,Device Uptodate,UPTODATE,Success,Success,Not Applied,2 months ago,,,,,,,Enabled,,PASSED
Edge-Node,Unsupported,655-g04a-a-1.net.uwa.edu.au,10.88.56.28,Switches and Hubs,Reachable,,Managed,COMPLIANT,10,Global/CRAWLEY/655/Ground Floor,3c:26:e4:05:ed:00,ACCESS,17.9.3,12 days 1 min ,4 hours ago,24:00:00,FOC2629YNHD,Cisco Catalyst 9300 Series Switches,C9300L-48P-4X,Supported,cat9k_iosxe.17.09.03.SPA.bin,Device Uptodate,UPTODATE,Success,Success,Not Applied,a month ago,,,,,,,Enabled,,PASSED
Edge-Node,Unsupported,658-155-a-3.net.uwa.edu.au,10.88.56.6,Switches and Hubs,Reachable,,Managed,COMPLIANT,10,Global/CRAWLEY/658/First Floor,ac:bc:d9:05:ca:00,ACCESS,17.9.3,15 days 15 hrs ,13 hours ago,24:00:00,FOC2604YGTR,Cisco Catalyst 9300 Series Switches,C9300L-48P-4X,Supported,cat9k_iosxe.17.09.03.SPA.bin,Device Uptodate,UPTODATE,Success,Success,Success,2 months ago,,,,,,,Enabled,,PASSED
Edge-Node,Unsupported,658-214-a-1.net.uwa.edu.au,10.88.56.5,Switches and Hubs,Reachable,,Managed (Syncing...),COMPLIANT,8,Global/CRAWLEY/658/Second Floor,ac:bc:d9:0f:2a:80,ACCESS,17.9.3,15 days 14 hrs ,6 minutes ago,24:00:00,"FOC2604YK5P, FOC2604YK46, FOC2604YJWF, FOC2604YK5U, FOC2604YJWC",Cisco Catalyst 9300 Series Switches,"C9300L-48P-4X, C9300L-48P-4X, C9300L-48P-4X, C9300L-48P-4X, C9300L-48P-4X",Supported,cat9k_iosxe.17.09.03.SPA.bin,Device Uptodate,UPTODATE,Success,Success,Success,2 months ago,,,,,,,Enabled,,PASSED
Edge-Node,Unsupported,658-240-a-3.net.uwa.edu.au,10.88.56.4,Switches and Hubs,Reachable,,Managed,COMPLIANT,10,Global/CRAWLEY/658/Second Floor,ac:bc:d9:0f:05:00,ACCESS,17.9.3,15 days 15 hrs ,6 hours ago,24:00:00,FOC2604YJM0,Cisco Catalyst 9300 Series Switches,C9300L-48P-4X,Supported,cat9k_iosxe.17.09.03.SPA.bin,Device Uptodate,UPTODATE,Success,Success,Success,2 months ago,,,,,,,Enabled,,PASSED
Edge-Node,Unsupported,658-1120c-a-1.net.uwa.edu.au,10.88.56.3,Switches and Hubs,Reachable,,Managed (Syncing...),COMPLIANT,10,Global/CRAWLEY/658/First Floor,cc:ed:4d:f6:6f:00,ACCESS,17.9.3,15 days 14 hrs ,4 minutes ago,24:00:00,"FOC2604YHDE, FOC2604YK4G, FOC2604YGVR",Cisco Catalyst 9300 Series Switches,"C9300L-48P-4X, C9300L-48P-4X, C9300L-48P-4X",Supported,cat9k_iosxe.17.09.03.SPA.bin,Device Uptodate,UPTODATE,Success,Success,Success,2 months ago,,,,,,,Enabled,,PASSED
Edge-Node,Unsupported,658-b105-a-1.net.uwa.edu.au,10.88.56.9,Switches and Hubs,Reachable,,Managed,COMPLIANT,10,Global/CRAWLEY/658/Basement 1,04:76:b0:db:8f:00,ACCESS,17.9.3,15 days 15 hrs ,13 hours ago,24:00:00,FOC2443L4M2,Cisco Catalyst 9300 Series Switches,C9300L-24P-4X,Supported,cat9k_iosxe.17.09.03.SPA.bin,Device Uptodate,UPTODATE,Success,Success,Success,2 months ago,,,,,,,Enabled,,PASSED
Aggregation Switch,Unsupported,658-b105-g-2.net.uwa.edu.au,10.88.56.1,Switches and Hubs,Reachable,,Managed,COMPLIANT,10,Global/CRAWLEY/658/Basement 1,84:eb:ef:58:5b:00,DISTRIBUTION,17.9.3,15 days 15 hrs ,13 hours ago,24:00:00,FDO25340DAJ,Cisco Catalyst 9500 Series Switches,C9500-24Y4C,Supported,cat9k_iosxe.17.09.03.SPA.bin,Device Uptodate,UPTODATE,Success,Success,Success,3 months ago,,,,,,,Not Provisioned,,PASSED
Edge-Node,Unsupported,658-g47-a-3.net.uwa.edu.au,10.88.56.8,Switches and Hubs,Reachable,,Managed,COMPLIANT,10,Global/CRAWLEY/658/Ground Floor,40:06:d5:8e:cc:80,ACCESS,17.9.3,15 days 15 hrs ,13 hours ago,24:00:00,FOC2604YKCU,Cisco Catalyst 9300 Series Switches,C9300L-48P-4X,Supported,cat9k_iosxe.17.09.03.SPA.bin,Device Uptodate,UPTODATE,Success,Success,Success,2 months ago,,,,,,,Enabled,,PASSED
Edge-Node,Unsupported,658-g121a-a-3.net.uwa.edu.au,10.88.56.7,Switches and Hubs,Reachable,,Managed,COMPLIANT,10,Global/CRAWLEY/658/Ground Floor,18:59:f5:2e:7f:80,ACCESS,17.9.3,15 days 15 hrs ,13 hours ago,24:00:00,FOC2604YK6U,Cisco Catalyst 9300 Series Switches,C9300L-48P-4X,Supported,cat9k_iosxe.17.09.03.SPA.bin,Device Uptodate,UPTODATE,Success,Success,Success,2 months ago,,,,,,,Enabled,,PASSED
Edge-Node,Unsupported,661-111-a-1.net.uwa.edu.au,10.88.56.23,Switches and Hubs,Reachable,,Managed,COMPLIANT,8,Global/CRAWLEY/661/First Floor,3c:26:e4:06:0b:00,ACCESS,17.9.3,12 days 30 mins ,an hour ago,24:00:00,"FOC2629YQK6, FOC2618YLVR",Cisco Catalyst 9300 Series Switches,"C9300L-48P-4X, C9300L-24P-4X",Supported,cat9k_iosxe.17.09.03.SPA.bin,Device Uptodate,UPTODATE,Success,Success,Not Applied,3 months ago,,,,,,,Enabled,,PASSED
Aggregation Switch,Unsupported,661-111-g-1.net.uwa.edu.au,10.88.56.20,Switches and Hubs,Reachable,,Managed,COMPLIANT,10,Global/CRAWLEY/661/First Floor,c0:f8:7f:70:a3:80,DISTRIBUTION,17.9.3,12 days 34 mins ,13 hours ago,24:00:00,FDO26160P6X,Cisco Catalyst 9500 Series Switches,C9500-24Y4C,Supported,cat9k_iosxe.17.09.03.SPA.bin,Device Uptodate,UPTODATE,Success,Success,Not Applied,3 months ago,,,,,,,Not Provisioned,,PASSED
Edge-Node,Unsupported,661-g09-a-1.net.uwa.edu.au,10.88.56.22,Switches and Hubs,Reachable,,Managed,COMPLIANT,10,Global/CRAWLEY/661/Ground Floor,3c:8b:7f:fa:ad:00,ACCESS,17.9.3,12 days 31 mins ,32 minutes ago,24:00:00,"FOC2629YK6Y, FOC2629YS04",Cisco Catalyst 9300 Series Switches,"C9300L-48P-4X, C9300L-48P-4X",Supported,cat9k_iosxe.17.09.03.SPA.bin,Device Uptodate,UPTODATE,Success,Success,Not Applied,3 months ago,,,,,,,Enabled,,PASSED
Edge-Node,Unsupported,671-g09-a-1.net.uwa.edu.au,10.88.56.18,Switches and Hubs,Reachable,,Managed,COMPLIANT,10,Global/CRAWLEY/671/Ground Floor,ac:bc:d9:03:19:00,ACCESS,17.9.3,12 days 2 hrs ,13 hours ago,24:00:00,FOC2604YHZJ,Cisco Catalyst 9300 Series Switches,C9300L-24P-4X,Supported,cat9k_iosxe.17.09.03.SPA.bin,Device Uptodate,UPTODATE,Success,Success,Not Applied,4 months ago,,,,,,,Enabled,,PASSED
Edge-Node,Unsupported,673-101a-a-1.net.uwa.edu.au,10.88.56.12,Switches and Hubs,Reachable,,Managed,COMPLIANT,10,Global/CRAWLEY/673/First Floor,28:af:fd:58:bd:80,ACCESS,17.9.3,12 days 3 hrs ,13 hours ago,24:00:00,FOC2524L7T4,Cisco Catalyst 9300 Series Switches,C9300L-48P-4X,Supported,cat9k_iosxe.17.09.03.SPA.bin,Device Uptodate,UPTODATE,Success,Success,Success,3 months ago,,,,,,,Enabled,,PASSED
Edge-Node,Unsupported,673-b85-a-1.net.uwa.edu.au,10.88.56.10,Switches and Hubs,Reachable,,Managed (Syncing...),COMPLIANT,10,Global/CRAWLEY/673/Basement 1,28:af:fd:cf:9d:80,ACCESS,17.9.3,12 days 3 hrs ,20 minutes ago,24:00:00,"FOC2524L7PV, FOC2524L7XA, FOC2524L7HN",Cisco Catalyst 9300 Series Switches,"C9300L-48P-4X, C9300L-48P-4X, C9300L-48P-4X",Supported,cat9k_iosxe.17.09.03.SPA.bin,Device Uptodate,UPTODATE,Success,Success,Success,3 months ago,,,,,,,Enabled,,PASSED
Edge-Node,Unsupported,682-171-a-1.net.uwa.edu.au,10.88.48.57,Switches and Hubs,Reachable,,Managed,COMPLIANT,10,Global/CRAWLEY/682/First Floor,b8:a3:77:77:26:80,ACCESS,17.9.3,9 days 5 hrs ,an hour ago,24:00:00,"FOC2542Y8T5, FOC2604YK7Y",Cisco Catalyst 9300 Series Switches,"C9300L-48P-4X, C9300L-48P-4X",Supported,cat9k_iosxe.17.09.03.SPA.bin,Device Uptodate,UPTODATE,Success,Success,Success,3 months ago,,,,,,,Enabled,,PASSED
Edge-Node,Unsupported,682-271-a-1.net.uwa.edu.au,10.88.48.61,Switches and Hubs,Reachable,,Managed,NON_COMPLIANT,10,Global/CRAWLEY/682/Second Floor,80:24:8f:9e:d1:80,ACCESS,17.9.3,9 days 5 hrs ,4 minutes ago,24:00:00,"FOC2542YPBP, FOC2542YFY8, FOC2542YCGS",Cisco Catalyst 9300 Series Switches,"C9300L-48P-4X, C9300L-48P-4X, C9300L-48P-4X",Supported,cat9k_iosxe.17.09.03.SPA.bin,Device Uptodate,UPTODATE,Success,Success,Success,3 months ago,,,,,,,Enabled,,PASSED
Edge-Node,Unsupported,682-b71-a-1.net.uwa.edu.au,10.88.56.17,Switches and Hubs,Reachable,,Managed,COMPLIANT,8,Global/CRAWLEY/682/Basement 1,80:24:8f:82:c1:80,ACCESS,17.9.3,9 days 5 hrs ,2 hours ago,24:00:00,"FOC2542YDW7, FOC2542YL3B",Cisco Catalyst 9300 Series Switches,"C9300L-48P-4X, C9300L-48P-4X",Supported,cat9k_iosxe.17.09.03.SPA.bin,Device Uptodate,UPTODATE,Success,Success,Success,3 months ago,,,,,,,Enabled,,PASSED
Aggregation Switch,Unsupported,682-b71-g-1.net.uwa.edu.au,10.88.56.13,Switches and Hubs,Reachable,,Managed,COMPLIANT,10,Global/CRAWLEY/682/Basement 1,20:cf:ae:58:93:20,DISTRIBUTION,17.9.3,9 days 5 hrs ,13 hours ago,24:00:00,FDO25340DA1,Cisco Catalyst 9500 Series Switches,C9500-24Y4C,Supported,cat9k_iosxe.17.09.03.SPA.bin,Device Uptodate,UPTODATE,Success,Success,Success,3 months ago,,,,,,,Not Provisioned,,PASSED
Edge-Node,Unsupported,684-g15-a-1.net.uwa.edu.au,10.88.56.24,Switches and Hubs,Reachable,,Managed,COMPLIANT,10,Global/CRAWLEY/684/Ground Floor,3c:8b:7f:fb:6f:80,ACCESS,17.9.3,9 days 5 hrs ,2 minutes ago,24:00:00,"FOC2629YQJR, FOC2629YRZS",Cisco Catalyst 9300 Series Switches,"C9300L-48P-4X, C9300L-48P-4X",Supported,cat9k_iosxe.17.09.03.SPA.bin,Device Uptodate,UPTODATE,Success,Success,Not Applied,2 months ago,,,,,,,Enabled,,PASSED
Edge-Node,Unsupported,685-g03a-a-1.net.uwa.edu.au,10.88.56.30,Switches and Hubs,Reachable,-10,Managed,COMPLIANT,10,Global/CRAWLEY/685/Ground Floor,44:88:16:0e:9f:80,ACCESS,17.9.3,3 hrs 46 mins ,2 hours ago,24:00:00,FOC2629YS36,Cisco Catalyst 9300 Series Switches,C9300L-48P-4X,Supported,cat9k_iosxe.17.09.03.SPA.bin,Device Uptodate,UPTODATE,Success,Success,Not Applied,15 days ago,,,,,,,Enabled,N/A (Security vulnerabilities for the device could not be determined during the last scan. Please scan again to update security vulnerabilities information.),PASSED
Distribution-Router,Unsupported,fairway-dr-04.net.uwa.edu.au,10.88.8.139,Switches and Hubs,Reachable,,Managed,COMPLIANT,10,Global/CRAWLEY/658/Fairway DP,40:f0:78:aa:4c:00,DISTRIBUTION,17.9.3,11 days 21 hrs ,4 hours ago,24:00:00,"FDO25350BYJ, FDO24440BZZ",Cisco Catalyst 9500 Series Switches,"C9500-48Y4C, C9500-48Y4C",Supported,cat9k_iosxe.17.09.03.SPA.bin,Device Uptodate,UPTODATE,Success,Success,Success,15 days ago,,,,,,,Not Provisioned,,PASSED
Border-Router,Unsupported,physics-br-02.net.uwa.edu.au,10.88.0.1,Switches and Hubs,Reachable,,Managed,COMPLIANT,10,Global/CRAWLEY/245/Physics DC,74:ad:98:79:f7:60,BORDER ROUTER,17.9.3,5 days 1 hr ,13 hours ago,24:00:00,FDO25260674,Cisco Catalyst 9500 Series Switches,C9500-32QC,Supported,cat9k_iosxe.17.09.03.SPA.bin,Device Uptodate,UPTODATE,Success,Success,Success,4 months ago,,,,,,,Not Provisioned,,PASSED
Core-Router,Unsupported,physics-cr-02.net.uwa.edu.au,10.88.8.129,Switches and Hubs,Reachable,,Managed,COMPLIANT,10,Global/CRAWLEY/245/Physics DC,f0:4a:02:20:a6:60,CORE,17.9.3,5 days 1 hr ,13 hours ago,24:00:00,FDO25210KX4,Cisco Catalyst 9500 Series Switches,C9500-32QC,Supported,cat9k_iosxe.17.09.03.SPA.bin,Device Uptodate,UPTODATE,Success,Success,Success,10 months ago,,,,,,,Not Provisioned,,PASSED
Distribution-Router,Unsupported,physics-dr-04.net.uwa.edu.au,10.88.8.135,Switches and Hubs,Reachable,,Managed,COMPLIANT,8,Global/CRAWLEY/245/Physics DC,20:cf:ae:83:c5:40,DISTRIBUTION,17.9.3,536 days 55 mins ,13 hours ago,24:00:00,"FDO253418ZM, FDO25350BX8",Cisco Catalyst 9500 Series Switches,"C9500-48Y4C, C9500-48Y4C",Supported,cat9k_iosxe.17.09.03.SPA.bin,Device Uptodate,UPTODATE,Success,Success,Success,7 days ago,,,,,,,Not Provisioned,,PASSED
Distribution-Router,Unsupported,qe2-dr-04.net.uwa.edu.au,10.88.8.141,Switches and Hubs,Reachable,,Managed,COMPLIANT,10,Global/CRAWLEY/502/QE2 DP,20:cf:ae:83:c5:e0,DISTRIBUTION,17.9.3,11 days 21 hrs ,13 hours ago,24:00:00,"FDO253418ZQ, FDO24440501",Cisco Catalyst 9500 Series Switches,"C9500-48Y4C, C9500-48Y4C",Supported,cat9k_iosxe.17.09.03.SPA.bin,Device Uptodate,UPTODATE,Success,Success,Success,3 months ago,,,,,,,Not Provisioned,,PASSED
Border-Router,Unsupported,reid-br-02.net.uwa.edu.au,10.88.0.2,Switches and Hubs,Reachable,,Managed,COMPLIANT,10,Global/CRAWLEY/139/Reid DC,f0:4a:02:0b:94:a0,BORDER ROUTER,17.9.3,5 days 1 hr ,13 hours ago,24:00:00,FDO25210KXE,Cisco Catalyst 9500 Series Switches,C9500-32QC,Supported,cat9k_iosxe.17.09.03.SPA.bin,Device Uptodate,UPTODATE,Success,Success,Success,4 months ago,,,,,,,Not Provisioned,,PASSED
Core-Router,Unsupported,reid-cr-02.net.uwa.edu.au,10.88.8.130,Switches and Hubs,Reachable,,Managed,COMPLIANT,10,Global/CRAWLEY/139/Reid DC,74:ad:98:79:f9:e0,CORE,17.9.3,5 days 2 hrs ,13 hours ago,24:00:00,FDO2526068T,Cisco Catalyst 9500 Series Switches,C9500-32QC,Supported,cat9k_iosxe.17.09.03.SPA.bin,Device Uptodate,UPTODATE,Success,Success,Success,10 months ago,,,,,,,Not Provisioned,,PASSED
Distribution-Router,Unsupported,science-dr-04.net.uwa.edu.au,10.88.8.137,Switches and Hubs,Reachable,,Managed,COMPLIANT,10,Global/CRAWLEY/446/First Floor,20:cf:ae:83:c4:a0,DISTRIBUTION,17.9.3,450 days 4 hrs ,13 hours ago,24:00:00,"FDO253418YZ, FDO24440BT7",Cisco Catalyst 9500 Series Switches,"C9500-48Y4C, C9500-48Y4C",Supported,cat9k_iosxe.17.09.03.SPA.bin,Device Uptodate,UPTODATE,Success,Success,Success,15 days ago,,,,,,,Not Provisioned,,PASSED